Sample.Name,Pop,C1,C2
TMA-ZAIN-G-1,MBC,0.909,0.091
TMA-ZAIN-G-2,MBC,0.728,0.272
TMA-ZAIN-G-3,MBC,0.015,0.985
TMA-ZAIN-G-4,MBC,0.282,0.718
TMA-ZAIN-G-5,MBC,0.988,0.012
TMA-ZAIN-G-6,MBC,0.2,0.8
TMA-ZAIN-G-7,MBC,0.04,0.96
TMA-ZAIN-G-8,MBC,0.015,0.985
TMA-ZAIN-G-9,MBC,0.028,0.972
TMA-ZAIN-G-10,MBC,0.016,0.984
TMA-ZAIN-G-11,MBC,0.021,0.979
TMA-ZAIN-G-12,MBC,0.013,0.987
TMA-ZAIN-G-13,MBC,0.195,0.805
TMA-ZAIN-G-14,MBC,0.023,0.977
TMA-ZAIN-G-15,MBC,0.016,0.984
TMA-ZAIN-G-16,MBC,0.018,0.982
TMA-ZAIN-G-17,MBC,0.047,0.953
TMA-ZAIN-G-18,MBC,0.971,0.029
TMA-ZAIN-G-19,MBC,0.841,0.159
TMA-ZAIN-G-20,MBC,0.987,0.013
TMA-ZAIN-G-21,MBC,0.976,0.024
TMA-ZAIN-G-22,MBC,0.991,0.009
TMA-ZAIN-G-23,MBC,0.977,0.023
TMA-ZAIN-G-24,MBC,0.786,0.214
TMA-ZAIN-G-25,MBC,0.775,0.225
TMA-ZAIN-G-26,MBC,0.178,0.822
TMA-ZAIN-G-27,MBC,0.827,0.173
TMA-ZAIN-G-28,MBC,0.932,0.068
TMA-ZAIN-G-29,MBC,0.242,0.758
TMA-ZAIN-G-30,MBC,0.209,0.791
TMA-ZAIN-G-31,MBC,0.979,0.021
TMA-ZAIN-G-32,MBC,0.743,0.257
TMA-ZAIN-G-33,MBC,0.016,0.984
TMA-ZAIN-G-34,MBC,0.184,0.816
TMA-ZAIN-G-35,MBC,0.02,0.98
TMA-ZAIN-G-36,MBC,0.014,0.986
TMA-ZAIN-G-37,MBC,0.031,0.969
TMA-ZAIN-G-38,MBC,0.705,0.295
TMA-ZAIN-G-39,MBC,0.019,0.981
TMA-ZAIN-G-40,MBC,0.015,0.985
TMA-ZAIN-G-41,MBC,0.011,0.989
TMA-ZAIN-G-42,MBC,0.011,0.989
TMA-ZAIN-G-43,MBC,0.016,0.984
TMA-ZAIN-G-44,MBC,0.906,0.094
TMA-ZAIN-G-45,MBC,0.027,0.973
TMA-ZAIN-G-46,MBC,0.984,0.016
TMA-ZAIN-G-47,MBC,0.384,0.616
TMA-ZAIN-G-48,MBC,0.15,0.85
TMA-ZAIN-G-49,MBC,0.876,0.124
TMA-ZAIN-G-50,MBC,0.797,0.203
TMA-ZAIN-G-51,MBC,0.646,0.354
TMA-ZAIN-G-52,MBC,0.744,0.256
TMA-ZAIN-G-53,MBC,0.781,0.219
TMA-ZAIN-G-54,MBC,0.317,0.683
TMA-ZAIN-G-55,MBC,0.325,0.675
TMA-ZAIN-G-56,MBC,0.264,0.736
TMA-ZAIN-G-57,MBC,0.467,0.533
TMA-ZAIN-G-58,MBC,0.928,0.072
TMA-ZAIN-G-59,MBC,0.861,0.139
TMA-ZAIN-G-60,MBC,0.906,0.094
TMA-ZAIN-G-61,MBC,0.985,0.015
TMA-ZAIN-G-62,MBC,0.913,0.087
TMA-ZAIN-G-63,MBC,0.973,0.027
TMA-ZAIN-G-64,MBC,0.01,0.99
TMA-ZAIN-G-65,MBC,0.012,0.988
TMA-ZAIN-G-66,MBC,0.01,0.99
TMA-ZAIN-G-67,MBC,0.038,0.962
TMA-ZAIN-G-68,MBC,0.01,0.99
TMA-ZAIN-G-69,MBC,0.058,0.942
TMA-ZAIN-G-70,MBC,0.018,0.982
TMA-ZAIN-G-71,MBC,0.014,0.986
TMA-ZAIN-G-72,MBC,0.017,0.983
TMA-ZAIN-G-73,MBC,0.117,0.883
TMA-ZAIN-G-74,MBC,0.068,0.932
TMA-ZAIN-G-75,MBC,0.019,0.981
TMA-ZAIN-G-76,MBC,0.132,0.868
TMA-ZAIN-G-77,MBC,0.023,0.977
TMA-ZAIN-G-78,MBC,0.132,0.868
TMA-ZAIN-G-79,MBC,0.059,0.941
TMA-ZAIN-G-80,MBC,0.018,0.982
TMA-ZAIN-G-81,MBC,0.031,0.969
TMA-ZAIN-G-82,MBC,0.014,0.986
TMA-ZAIN-G-83,MBC,0.147,0.853
TMA-ZAIN-G-84,MBC,0.085,0.915
TMA-ZAIN-G-85,MBC,0.926,0.074
TMA-ZAIN-G-86,MBC,0.802,0.198
TMA-ZAIN-G-87,MBC,0.964,0.036
TMA-ZAIN-G-88,MBC,0.514,0.486
TMA-ZAIN-G-89,MBC,0.536,0.464
TMA-ZAIN-G-90,MBC,0.797,0.203
TMA-ZAIN-G-91,MBC,0.554,0.446
TMA-ZAIN-G-92,MBC,0.837,0.163
TMA-ZAIN-G-93,MBC,0.623,0.377
TMA-ZAIN-G-94,MBC,0.957,0.043
TMA-ZAIN-G-95,MBC,0.923,0.077
TMA-ZAIN-G-96,MBC,0.598,0.402
TMA-ZAIN-G-97,MBC,0.978,0.022
TMA-ZAIN-G-98,MBC,0.977,0.023
TMA-ZAIN-G-99,MBC,0.824,0.176
TMA-ZAIN-G-101,MBC,0.983,0.017
TMA-ZAIN-G-102,MBC,0.957,0.043
TMA-ZAIN-G-103,MBC,0.922,0.078
TMA-ZAIN-G-104,MBC,0.965,0.035
TMA-ZAIN-G-105,MBC,0.981,0.019
TMA-ZAIN-G-106,MBC,0.959,0.041
TMA-ZAIN-G-107,MBC,0.013,0.987
TMA-ZAIN-G-108,MBC,0.012,0.988
TMA-ZAIN-G-109,MBC,0.439,0.561
TMA-ZAIN-G-110,MBC,0.347,0.653
TMA-ZAIN-G-111,MBC,0.478,0.522
TMA-ZAIN-G-112,MBC,0.879,0.121
TMA-ZAIN-G-113,MBC,0.5,0.5
TMA-ZAIN-G-114,MBC,0.935,0.065
TMA-ZAIN-G-115,MBC,0.987,0.013
TMA-ZAIN-G-116,MBC,0.976,0.024
TMA-ZAIN-G-117,MBC,0.016,0.984
TMA-ZAIN-G-118,MBC,0.017,0.983
TMA-ZAIN-G-119,MBC,0.016,0.984
TMA-ZAIN-G-120,MBC,0.05,0.95
TMA-ZAIN-G-121,MBC,0.02,0.98
TMA-ZAIN-G-122,MBC,0.017,0.983
TMA-ZAIN-G-123,MBC,0.028,0.972
TMA-ZAIN-G-124,MBC,0.972,0.028
TMA-ZAIN-G-125,MBC,0.021,0.979
TMA-ZAIN-G-126,MBC,0.01,0.99
TMA-ZAIN-G-127,MBC,0.015,0.985
TMA-ZAIN-G-128,MBC,0.012,0.988
TMA-ZAIN-G-129,MBC,0.014,0.986
TMA-ZAIN-G-130,MBC,0.02,0.98
TMA-ZAIN-G-131,MBC,0.016,0.984
TMA-ZAIN-G-132,MBC,0.018,0.982
TMA-ZAIN-G-133,MBC,0.013,0.987
TMA-ZAIN-G-134,MBC,0.022,0.978
TMA-ZAIN-G-135,MBC,0.017,0.983
TMA-ZAIN-G-136,MBC,0.018,0.982
TMA-ZAIN-G-137,MBC,0.015,0.985
TMA-ZAIN-G-138,MBC,0.022,0.978
TMA-ZAIN-G-139,MBC,0.012,0.988
TMA-ZAIN-G-140,MBC,0.017,0.983
TMA-ZAIN-G-141,MBC,0.017,0.983
TMA-ZAIN-G-142,MBC,0.017,0.983
TMA-ZAIN-G-143,MBC,0.015,0.985
TMA-ZAIN-G-144,MBC,0.014,0.986
TMA-ZAIN-G-145,MBC,0.021,0.979
TMA-ZAIN-G-146,MBC,0.01,0.99
TMA-ZAIN-G-147,MBC,0.013,0.987
TMA-ZAIN-G-148,MBC,0.013,0.987
TMA-ZAIN-G-149,MBC,0.012,0.988
TMA-ZAIN-G-150,MBC,0.091,0.909
TMA-ZAIN-G-151,MBC,0.08,0.92
TMA-ZAIN-G-152,MBC,0.012,0.988
TMA-ZAIN-G-153,MBC,0.013,0.987
TMA-ZAIN-G-154,MBC,0.012,0.988
TMA-ZAIN-G-155,MBC,0.013,0.987
TMA-ZAIN-G-156,MBC,0.016,0.984
TMA-ZAIN-G-157,MBC,0.017,0.983
TMA-ZAIN-G-158,MBC,0.015,0.985
TMA-ZAIN-G-159,MBC,0.016,0.984
TMA-ZAIN-G-160,MBC,0.013,0.987
TMA-ZAIN-G-161,MBC,0.014,0.986
TMA-ZAIN-G-162,MBC,0.012,0.988
TMA-ZAIN-G-163,MBC,0.074,0.926
TMA-ZAIN-G-164,MBC,0.012,0.988
TMA-ZAIN-G-165,MBC,0.019,0.981
TMA-ZAIN-G-166,MBC,0.014,0.986
TMA-ZAIN-G-167,MBC,0.011,0.989
TMA-ZAIN-G-168,MBC,0.024,0.976
TMA-ZAIN-G-169,MBC,0.015,0.985
TMA-ZAIN-G-170,MBC,0.012,0.988
TMA-ZAIN-G-171,MBC,0.052,0.948
TMA-ZAIN-G-172,MBC,0.013,0.987
TMA-ZAIN-G-173,MBC,0.017,0.983
TMA-ZAIN-G-174,MBC,0.018,0.982
TMA-ZAIN-G-175,MBC,0.011,0.989
TMA-ZAIN-G-176,MBC,0.014,0.986
TMA-ZAIN-G-177,MBC,0.013,0.987
TMA-ZAIN-G-178,MBC,0.014,0.986
TMA-ZAIN-G-179,MBC,0.02,0.98
TMA-ZAIN-G-180,MBC,0.012,0.988
TMA-ZAIN-G-181,MBC,0.016,0.984
TMA-ZAIN-G-182,MBC,0.014,0.986
TMA-ZAIN-G-183,MBC,0.019,0.981
TMA-ZAIN-G-184,MBC,0.014,0.986
TMA-ZAIN-G-185,MBC,0.099,0.901
TMA-ZAIN-G-186,MBC,0.119,0.881
TMA-ZAIN-G-187,MBC,0.026,0.974
TMA-ZAIN-G-188,MBC,0.017,0.983
TMA-ZAIN-G-189,MBC,0.013,0.987
TMA-ZAIN-G-190,MBC,0.011,0.989
TMA-ZAIN-G-191,MBC,0.014,0.986
TMA-ZAIN-G-192,MBC,0.079,0.921
TMA-ZAIN-G-193,MBC,0.018,0.982
TMA-ZAIN-G-194,MBC,0.015,0.985
TMA-ZAIN-G-195,MBC,0.017,0.983
TMA-ZAIN-G-196,MBC,0.014,0.986
TMA-ZAIN-G-197,MBC,0.015,0.985
TMA-ZAIN-G-198,MBC,0.015,0.985
TMA-ZAIN-G-199,MBC,0.014,0.986
TMA-ZAIN-G-200,MBC,0.021,0.979
TMA-ZAIN-G-201,MBC,0.983,0.017
TMA-ZAIN-G-202,MBC,0.982,0.018
TMA-ZAIN-G-203,MBC,0.969,0.031
TMA-ZAIN-G-204,MBC,0.021,0.979
TMA-ZAIN-G-205,MBC,0.953,0.047
TMA-ZAIN-G-206,MBC,0.901,0.099
TMA-ZAIN-G-207,MBC,0.955,0.045
TMA-ZAIN-G-208,MBC,0.051,0.949
TMA-ZAIN-G-209,MBC,0.012,0.988
TMA-ZAIN-G-210,MBC,0.011,0.989
TMA-ZAIN-G-211,MBC,0.013,0.987
TMA-ZAIN-G-212,MBC,0.045,0.955
TMA-ZAIN-G-213,MBC,0.015,0.985
TMA-ZAIN-G-214,MBC,0.016,0.984
TMA-ZAIN-G-215,MBC,0.013,0.987
TMA-ZAIN-G-216,MBC,0.209,0.791
TMA-ZAIN-G-217,MBC,0.019,0.981
TMA-ZAIN-G-218,MBC,0.012,0.988
TMA-ZAIN-G-219,MBC,0.896,0.104
TMA-ZAIN-G-220,MBC,0.968,0.032
TMA-ZAIN-G-221,MBC,0.936,0.064
TMA-ZAIN-G-222,MBC,0.936,0.064
TMA-ZAIN-G-223,MBC,0.93,0.07
TMA-ZAIN-G-224,MBC,0.981,0.019
TMA-ZAIN-G-225,MBC,0.882,0.118
TMA-ZAIN-G-226,MBC,0.979,0.021
TMA-ZAIN-G-227,MBC,0.955,0.045
TMA-ZAIN-G-228,MBC,0.963,0.037
TMA-ZAIN-G-229,MBC,0.88,0.12
TMA-ZAIN-G-230,MBC,0.975,0.025
TMA-ZAIN-G-231,MBC,0.532,0.468
TMA-ZAIN-G-232,MBC,0.949,0.051
TMA-ZAIN-G-233,MBC,0.96,0.04
TMA-ZAIN-G-234,MBC,0.707,0.293
TMA-ZAIN-G-235,MBC,0.974,0.026
TMA-ZAIN-G-236,MBC,0.81,0.19
TMA-ZAIN-G-237,MBC,0.954,0.046
TMA-ZAIN-G-238,MBC,0.756,0.244
TMA-ZAIN-G-239,MBC,0.969,0.031
TMA-ZAIN-G-240,MBC,0.755,0.245
TMA-ZAIN-G-241,MBC,0.984,0.016
TMA-ZAIN-G-242,MBC,0.969,0.031
TMA-ZAIN-G-243,MBC,0.972,0.028
TMA-ZAIN-G-244,MBC,0.956,0.044
TMA-ZAIN-G-245,MBC,0.955,0.045
TMA-ZAIN-G-246,MBC,0.983,0.017
TMA-ZAIN-G-248,MBC,0.986,0.014
TMA-ZAIN-G-249,MBC,0.977,0.023
TMA-ZAIN-G-250,MBC,0.972,0.028
TMA-ZAIN-G-251,MBC,0.982,0.018
TMA-ZAIN-G-252,MBC,0.982,0.018
TMA-ZAIN-G-253,MBC,0.403,0.597
TMA-ZAIN-G-254,MBC,0.125,0.875
TMA-ZAIN-G-255,MBC,0.285,0.715
TMA-ZAIN-G-256,MBC,0.198,0.802
TMA-ZAIN-G-257,MBC,0.362,0.638
TMA-ZAIN-G-258,MBC,0.331,0.669
TMA-ZAIN-G-259,MBC,0.28,0.72
TMA-ZAIN-G-260,MBC,0.201,0.799
TMA-ZAIN-G-261,MBC,0.434,0.566
TMA-ZAIN-G-262,MBC,0.367,0.633
TMA-ZAIN-G-263,MBC,0.165,0.835
TMA-ZAIN-G-264,MBC,0.304,0.696
TMA-ZAIN-G-265,MBC,0.446,0.554
TMA-ZAIN-G-266,MBC,0.429,0.571
TMA-ZAIN-G-267,MBC,0.493,0.507
TMA-ZAIN-G-268,MBC,0.119,0.881
TMA-ZAIN-G-269,MBC,0.926,0.074
TMA-ZAIN-G-270,MBC,0.987,0.013
TMA-ZAIN-G-271,MBC,0.981,0.019
TMA-ZAIN-G-272,MBC,0.98,0.02
TMA-ZAIN-G-273,MBC,0.987,0.013
TMA-ZAIN-G-274,MBC,0.982,0.018
TMA-ZAIN-G-275,MBC,0.989,0.011
TMA-ZAIN-G-276,MBC,0.969,0.031
TMA-ZAIN-G-277,MBC,0.988,0.012
TMA-ZAIN-G-278,MBC,0.987,0.013
TMA-ZAIN-G-279,MBC,0.985,0.015
TMA-ZAIN-G-280,MBC,0.988,0.012
TMA-ZAIN-G-281,MBC,0.985,0.015
TMA-ZAIN-G-282,MBC,0.985,0.015
TMA-ZAIN-G-283,MBC,0.986,0.014
TMA-ZAIN-G-284,MBC,0.99,0.01
TMA-ZAIN-G-285,MBC,0.985,0.015
TMA-ZAIN-G-286,MBC,0.981,0.019
TMA-ZAIN-G-287,MBC,0.977,0.023
TMA-ZAIN-G-288,MBC,0.99,0.01
TMA-ZAIN-G-289,MBC,0.982,0.018
TMA-ZAIN-G-290,MBC,0.955,0.045
TMA-ZAIN-G-291,MBC,0.972,0.028
TMA-ZAIN-G-292,MBC,0.982,0.018
TMA-ZAIN-G-293,MBC,0.975,0.025
TMA-ZAIN-G-294,MBC,0.05,0.95
TMA-ZAIN-G-295,MBC,0.024,0.976
TMA-ZAIN-G-296,MBC,0.016,0.984
TMA-ZAIN-G-297,MBC,0.03,0.97
TMA-ZAIN-G-298,MBC,0.033,0.967
TMA-ZAIN-G-299,MBC,0.022,0.978
TMA-ZAIN-G-301,MBC,0.063,0.937
TMA-ZAIN-G-302,MBC,0.028,0.972
TMA-ZAIN-G-303,MBC,0.017,0.983
TMA-ZAIN-G-304,MBC,0.024,0.976
TMA-ZAIN-G-305,MBC,0.016,0.984
TMA-ZAIN-G-306,MBC,0.775,0.225
NA,NA,0,0
TMA-ZAIN-G-307,MSBG,0.228,0.772
TMA-ZAIN-G-308,MSBG,0.017,0.983
TMA-ZAIN-G-309,MSBG,0.31,0.69
TMA-ZAIN-G-310,MSBG,0.183,0.817
TMA-ZAIN-G-311,MSBG,0.575,0.425
TMA-ZAIN-G-312,MSBG,0.014,0.986
TMA-ZAIN-G-313,MSBG,0.048,0.952
TMA-ZAIN-G-314,MSBG,0.064,0.936
TMA-ZAIN-G-315,MSBG,0.029,0.971
TMA-ZAIN-G-316,MSBG,0.105,0.895
TMA-ZAIN-G-317,MSBG,0.971,0.029
TMA-ZAIN-G-318,MSBG,0.487,0.513
TMA-ZAIN-G-319,MSBG,0.554,0.446
TMA-ZAIN-G-320,MSBG,0.905,0.095
TMA-ZAIN-G-321,MSBG,0.978,0.022
NA,NA,0,0
TMA-ZAIN-G-322,AA,0.654,0.346
TMA-ZAIN-G-323,AA,0.371,0.629
NA,NA,0,0
TMA-ZAIN-G-324,HBG,0.351,0.649
TMA-ZAIN-G-325,HBG,0.371,0.629
NA,NA,0,0
TMA-ZAIN-G-326,FTBG,0.702,0.298
TMA-ZAIN-G-327,FTBG,0.022,0.978
TMA-ZAIN-G-328,FTBG,0.955,0.045
TMA-ZAIN-G-329,FTBG,0.404,0.596
TMA-ZAIN-G-330,FTBG,0.015,0.985
TMA-ZAIN-G-331,FTBG,0.618,0.382
TMA-ZAIN-G-332,FTBG,0.02,0.98
NA,NA,0,0
TMA-ZAIN-G-333,UCBBG,0.014,0.986
TMA-ZAIN-G-334,UCBBG,0.284,0.716
TMA-ZAIN-G-335,UCBBG,0.011,0.989
TMA-ZAIN-G-336,UCBBG,0.014,0.986
TMA-ZAIN-G-337,UCBBG,0.987,0.013
TMA-ZAIN-G-338,UCBBG,0.983,0.017
TMA-ZAIN-G-339,UCBBG,0.976,0.024
TMA-ZAIN-G-340,UCBBG,0.983,0.017
TMA-ZAIN-G-341,UCBBG,0.991,0.009
TMA-ZAIN-G-342,UCBBG,0.992,0.008
TMA-ZAIN-G-343,UCBBG,0.987,0.013
TMA-ZAIN-G-344,UCBBG,0.983,0.017
TMA-ZAIN-G-345,UCBBG,0.984,0.016
NA,NA,0,0
TMA-ZAIN-G-347,GWL,0.99,0.01
TMA-ZAIN-G-348,GWL,0.985,0.015
TMA-ZAIN-G-349,GWL,0.991,0.009
TMA-ZAIN-G-350,GWL,0.989,0.011
TMA-ZAIN-G-351,GWL,0.987,0.013
TMA-ZAIN-G-352,GWL,0.982,0.018
TMA-ZAIN-G-353,GWL,0.988,0.012
TMA-ZAIN-G-354,GWL,0.977,0.023
TMA-ZAIN-G-355,GWL,0.986,0.014
TMA-ZAIN-G-356,GWL,0.98,0.02
TMA-ZAIN-G-357,GWL,0.981,0.019
TMA-ZAIN-G-358,GWL,0.986,0.014
TMA-ZAIN-G-359,GWL,0.976,0.024
NA,NA,0,0
TMA-ZAIN-G-360,HPLG,0.028,0.972
TMA-ZAIN-G-361,HPLG,0.019,0.981
TMA-ZAIN-G-362,HPLG,0.112,0.888
TMA-ZAIN-G-363,HPLG,0.084,0.916
TMA-ZAIN-G-364,HPLG,0.015,0.985
TMA-ZAIN-G-365,HPLG,0.023,0.977
TMA-ZAIN-G-366,HPLG,0.046,0.954
NA,NA,0,0
TMA-ZAIN-G-367,NBG,0.035,0.965
TMA-ZAIN-G-368,NBG,0.944,0.056
TMA-ZAIN-G-369,NBG,0.31,0.69
TMA-ZAIN-G-370,NBG,0.023,0.977
TMA-ZAIN-G-371,NBG,0.07,0.93
TMA-ZAIN-G-372,NBG,0.017,0.983
TMA-ZAIN-G-373,NBG,0.011,0.989
TMA-ZAIN-G-374,NBG,0.02,0.98
TMA-ZAIN-G-376,NBG,0.014,0.986
TMA-ZAIN-G-377,NBG,0.015,0.985
TMA-ZAIN-G-378,NBG,0.018,0.982
NA,NA,0,0
TMA-ZAIN-G-379,KWTFBG,0.321,0.679
TMA-ZAIN-G-380,KWTFBG,0.489,0.511
TMA-ZAIN-G-381,KWTFBG,0.016,0.984
TMA-ZAIN-G-382,KWTFBG,0.01,0.99
TMA-ZAIN-G-383,KWTFBG,0.012,0.988
TMA-ZAIN-G-384,KWTFBG,0.011,0.989
TMA-ZAIN-G-385,KWTFBG,0.012,0.988
TMA-ZAIN-G-386,KWTFBG,0.541,0.459
TMA-ZAIN-G-387,KWTFBG,0.973,0.027
NA,NA,0,0
ZFB01,ZFB,0.976,0.024
ZFB02,ZFB,0.988,0.012
ZFB03,ZFB,0.971,0.029
ZFB04,ZFB,0.986,0.014
ZFB05,ZFB,0.988,0.012
ZFB06,ZFB,0.987,0.013
ZFB07,ZFB,0.966,0.034
ZFB08,ZFB,0.973,0.027
ZFB09,ZFB,0.983,0.017
ZFB10,ZFB,0.955,0.045
ZFB11,ZFB,0.963,0.037
ZFB12,ZFB,0.973,0.027
ZFB13,ZFB,0.969,0.031
ZFB14,ZFB,0.97,0.03
ZFB15,ZFB,0.99,0.01
ZFB16,ZFB,0.985,0.015
ZFB17,ZFB,0.985,0.015
ZFB18,ZFB,0.977,0.023
ZFB19,ZFB,0.925,0.075
ZFB20,ZFB,0.986,0.014
ZFB21,ZFB,0.987,0.013
ZFB22,ZFB,0.983,0.017
ZFB23,ZFB,0.962,0.038
ZFB24,ZFB,0.973,0.027
ZFB25,ZFB,0.905,0.095
ZFB26,ZFB,0.949,0.051
ZFB27,ZFB,0.97,0.03
ZFB28,ZFB,0.972,0.028
ZFB29,ZFB,0.984,0.016
ZFB30,ZFB,0.975,0.025
ZFB31,ZFB,0.922,0.078
ZFB32,ZFB,0.945,0.055
ZFB33,ZFB,0.986,0.014
ZFB34,ZFB,0.979,0.021
ZFB35,ZFB,0.974,0.026
NA,NA,0,0
ZFBP101,ZFBP1,0.032,0.968
ZFBP102,ZFBP1,0.035,0.965
ZFBP103,ZFBP1,0.025,0.975
ZFBP104,ZFBP1,0.11,0.89
ZFBP105,ZFBP1,0.025,0.975
ZFBP106,ZFBP1,0.014,0.986
ZFBP107,ZFBP1,0.038,0.962
ZFBP108,ZFBP1,0.013,0.987
ZFBP109,ZFBP1,0.012,0.988
ZFBP110,ZFBP1,0.05,0.95
ZFBP111,ZFBP1,0.011,0.989
ZFBP112,ZFBP1,0.021,0.979
ZFBP113,ZFBP1,0.018,0.982
ZFBP114,ZFBP1,0.019,0.981
ZFBP115,ZFBP1,0.014,0.986
ZFBP116,ZFBP1,0.015,0.985
ZFBP117,ZFBP1,0.011,0.989
ZFBP118,ZFBP1,0.017,0.983
ZFBP119,ZFBP1,0.013,0.987
ZFBP120,ZFBP1,0.024,0.976
ZFBP121,ZFBP1,0.016,0.984
ZFBP122,ZFBP1,0.016,0.984
ZFBP123,ZFBP1,0.025,0.975
ZFBP124,ZFBP1,0.025,0.975
ZFBP125,ZFBP1,0.01,0.99
ZFBP126,ZFBP1,0.039,0.961
ZFBP127,ZFBP1,0.012,0.988
ZFBP128,ZFBP1,0.012,0.988
ZFBP129,ZFBP1,0.014,0.986
ZFBP130,ZFBP1,0.011,0.989
ZFBP131,ZFBP1,0.017,0.983
ZFBP132,ZFBP1,0.012,0.988
ZFBP133,ZFBP1,0.011,0.989
ZFBP134,ZFBP1,0.014,0.986
ZFBP135,ZFBP1,0.038,0.962
ZFBP136,ZFBP1,0.022,0.978
NA,NA,0,0
ZFBP201,ZFBP2,0.026,0.974
ZFBP202,ZFBP2,0.016,0.984
ZFBP203,ZFBP2,0.08,0.92
ZFBP204,ZFBP2,0.019,0.981
ZFBP205,ZFBP2,0.018,0.982
ZFBP206,ZFBP2,0.029,0.971
ZFBP207,ZFBP2,0.014,0.986
ZFBP208,ZFBP2,0.036,0.964
ZFBP209,ZFBP2,0.01,0.99
ZFBP210,ZFBP2,0.026,0.974
ZFBP211,ZFBP2,0.016,0.984
ZFBP212,ZFBP2,0.014,0.986
ZFBP213,ZFBP2,0.03,0.97
ZFBP214,ZFBP2,0.023,0.977
ZFBP215,ZFBP2,0.014,0.986
ZFBP216,ZFBP2,0.03,0.97
ZFBP217,ZFBP2,0.013,0.987
ZFBP218,ZFBP2,0.013,0.987
ZFBP219,ZFBP2,0.015,0.985
ZFBP220,ZFBP2,0.013,0.987
ZFBP221,ZFBP2,0.015,0.985
ZFBP222,ZFBP2,0.025,0.975
ZFBP223,ZFBP2,0.022,0.978
ZFBP224,ZFBP2,0.021,0.979
ZFBP225,ZFBP2,0.016,0.984
ZFBP226,ZFBP2,0.017,0.983
ZFBP227,ZFBP2,0.149,0.851
ZFBP228,ZFBP2,0.014,0.986
ZFBP229,ZFBP2,0.013,0.987
ZFBP230,ZFBP2,0.014,0.986
ZFBP231,ZFBP2,0.019,0.981
ZFBP232,ZFBP2,0.013,0.987
ZFBP233,ZFBP2,0.018,0.982
NA,NA,0,0
ZFCC01,ZFCC,0.49,0.51
ZFCC03,ZFCC,0.186,0.814
ZFCC04,ZFCC,0.399,0.601
ZFCC05,ZFCC,0.394,0.606
ZFCC08,ZFCC,0.065,0.935
ZFCC09,ZFCC,0.37,0.63
ZFCC10,ZFCC,0.541,0.459
ZFCC11,ZFCC,0.23,0.77
ZFCC12,ZFCC,0.651,0.349
ZFCC13,ZFCC,0.219,0.781
ZFCC14,ZFCC,0.567,0.433
ZFCC15,ZFCC,0.423,0.577
ZFCC16,ZFCC,0.598,0.402
ZFCC17,ZFCC,0.572,0.428
ZFCC18,ZFCC,0.343,0.657
ZFCC19,ZFCC,0.572,0.428
ZFCC20,ZFCC,0.331,0.669
ZFCC21,ZFCC,0.374,0.626
ZFCC22,ZFCC,0.054,0.946
ZFCC26,ZFCC,0.465,0.535
ZFCC27,ZFCC,0.193,0.807
ZFCC29,ZFCC,0.616,0.384
ZFCC30,ZFCC,0.147,0.853
ZFCC32,ZFCC,0.474,0.526
ZFCC33,ZFCC,0.594,0.406
ZFCC34,ZFCC,0.338,0.662
ZFCC35,ZFCC,0.201,0.799
ZFCC36,ZFCC,0.453,0.547
ZFCC37,ZFCC,0.723,0.277
ZFCC40,ZFCC,0.503,0.497
ZFCC42,ZFCC,0.772,0.228
ZFCC44,ZFCC,0.216,0.784
ZFCC45,ZFCC,0.645,0.355
ZFCC46,ZFCC,0.153,0.847
ZFCC47,ZFCC,0.427,0.573
ZFCC48,ZFCC,0.277,0.723
ZFCC50,ZFCC,0.486,0.514
ZFCC51,ZFCC,0.273,0.727
ZFCC52,ZFCC,0.264,0.736
ZFCC53,ZFCC,0.318,0.682
NA,NA,0,0
ZFCNS01,ZFCNS,0.026,0.974
ZFCNS02,ZFCNS,0.016,0.984
ZFCNS05,ZFCNS,0.019,0.981
ZFCNS06,ZFCNS,0.017,0.983
ZFCNS07,ZFCNS,0.017,0.983
ZFCNS10,ZFCNS,0.013,0.987
ZFCNS11,ZFCNS,0.02,0.98
ZFCNS15,ZFCNS,0.018,0.982
ZFCNS17,ZFCNS,0.014,0.986
ZFCNS18,ZFCNS,0.014,0.986
ZFCNS19,ZFCNS,0.017,0.983
ZFCNS20,ZFCNS,0.015,0.985
ZFCNS21,ZFCNS,0.016,0.984
ZFCNS22,ZFCNS,0.018,0.982
ZFCNS23,ZFCNS,0.025,0.975
ZFCNS24,ZFCNS,0.014,0.986
ZFCNS25,ZFCNS,0.015,0.985
ZFCNS26,ZFCNS,0.018,0.982
ZFCNS27,ZFCNS,0.016,0.984
ZFCNS28,ZFCNS,0.019,0.981
ZFCNS29,ZFCNS,0.017,0.983
ZFCNS30,ZFCNS,0.018,0.982
ZFCNS31,ZFCNS,0.017,0.983
ZFCNS32,ZFCNS,0.018,0.982
ZFCNS33,ZFCNS,0.017,0.983
ZFCNS34,ZFCNS,0.018,0.982
ZFCNS35,ZFCNS,0.019,0.981
ZFCNS36,ZFCNS,0.016,0.984
ZFCNS37,ZFCNS,0.017,0.983
ZFCNS39,ZFCNS,0.013,0.987
ZFCNS40,ZFCNS,0.014,0.986
ZFCNS41,ZFCNS,0.024,0.976
ZFCNS42,ZFCNS,0.016,0.984
ZFCNS43,ZFCNS,0.016,0.984
ZFCNS44,ZFCNS,0.014,0.986
ZFCNS46,ZFCNS,0.018,0.982
ZFCNS47,ZFCNS,0.016,0.984
ZFCNS48,ZFCNS,0.014,0.986
ZFCNS49,ZFCNS,0.015,0.985
NA,NA,0,0
ZFCR01,ZFCR,0.934,0.066
ZFCR02,ZFCR,0.848,0.152
ZFCR03,ZFCR,0.931,0.069
ZFCR04,ZFCR,0.944,0.056
ZFCR05,ZFCR,0.976,0.024
ZFCR06,ZFCR,0.589,0.411
ZFCR07,ZFCR,0.791,0.209
ZFCR08,ZFCR,0.88,0.12
ZFCR09,ZFCR,0.828,0.172
ZFCR11,ZFCR,0.816,0.184
ZFCR12,ZFCR,0.604,0.396
ZFCR13,ZFCR,0.736,0.264
ZFCR14,ZFCR,0.918,0.082
ZFCR15,ZFCR,0.94,0.06
ZFCR16,ZFCR,0.871,0.129
ZFCR18,ZFCR,0.975,0.025
ZFCR19,ZFCR,0.809,0.191
ZFCR20,ZFCR,0.881,0.119
ZFCR21,ZFCR,0.926,0.074
ZFCR22,ZFCR,0.903,0.097
ZFCR23,ZFCR,0.87,0.13
ZFCR24,ZFCR,0.535,0.465
ZFCR25,ZFCR,0.965,0.035
ZFCR26,ZFCR,0.846,0.154
ZFCR27,ZFCR,0.987,0.013
ZFCR28,ZFCR,0.487,0.513
ZFCR29,ZFCR,0.957,0.043
ZFCR30,ZFCR,0.9,0.1
ZFCR31,ZFCR,0.734,0.266
ZFCR33,ZFCR,0.884,0.116
ZFCR34,ZFCR,0.781,0.219
ZFCR35,ZFCR,0.978,0.022
ZFCR36,ZFCR,0.951,0.049
ZFCR37,ZFCR,0.966,0.034
ZFCR38,ZFCR,0.939,0.061
ZFCR39,ZFCR,0.804,0.196
ZFCR40,ZFCR,0.942,0.058
ZFCR41,ZFCR,0.609,0.391
ZFCR42,ZFCR,0.667,0.333
ZFCR43,ZFCR,0.799,0.201
NA,NA,0,0
ZFENP25,ZFENP,0.96,0.04
ZFENP26,ZFENP,0.975,0.025
ZFENP27,ZFENP,0.659,0.341
ZFENP28,ZFENP,0.97,0.03
ZFENP29,ZFENP,0.975,0.025
ZFENP30,ZFENP,0.963,0.037
ZFENP31,ZFENP,0.962,0.038
ZFENP32,ZFENP,0.951,0.049
ZFENP33,ZFENP,0.972,0.028
ZFENP34,ZFENP,0.98,0.02
ZFENP35,ZFENP,0.955,0.045
ZFENP36,ZFENP,0.985,0.015
ZFENP37,ZFENP,0.972,0.028
ZFENP38,ZFENP,0.921,0.079
ZFENP39,ZFENP,0.978,0.022
ZFENP40,ZFENP,0.977,0.023
ZFENP41,ZFENP,0.965,0.035
ZFENP42,ZFENP,0.974,0.026
ZFENP43,ZFENP,0.76,0.24
ZFENP44,ZFENP,0.958,0.042
ZFENP45,ZFENP,0.565,0.435
ZFENP46,ZFENP,0.943,0.057
ZFENP47,ZFENP,0.918,0.082
ZFENP48,ZFENP,0.953,0.047
ZFENP49,ZFENP,0.924,0.076
ZFENP50,ZFENP,0.812,0.188
ZFENP51,ZFENP,0.966,0.034
ZFENP52,ZFENP,0.85,0.15
ZFENP53,ZFENP,0.888,0.112
ZFENP54,ZFENP,0.719,0.281
ZFENP55,ZFENP,0.978,0.022
ZFENP56,ZFENP,0.946,0.054
ZFENP57,ZFENP,0.976,0.024
ZFENP58,ZFENP,0.848,0.152
ZFENP59,ZFENP,0.968,0.032
ZFENP60,ZFENP,0.975,0.025
ZFENP61,ZFENP,0.983,0.017
NA,NA,0,0
ZFFDSP01,ZFFDSP,0.014,0.986
ZFFDSP02,ZFFDSP,0.012,0.988
ZFFDSP04,ZFFDSP,0.014,0.986
ZFFDSP05,ZFFDSP,0.016,0.984
ZFFDSP06,ZFFDSP,0.013,0.987
ZFFDSP07,ZFFDSP,0.023,0.977
ZFFDSP08,ZFFDSP,0.016,0.984
ZFFDSP10,ZFFDSP,0.016,0.984
ZFFDSP11,ZFFDSP,0.018,0.982
ZFFDSP12,ZFFDSP,0.012,0.988
ZFFDSP13,ZFFDSP,0.02,0.98
ZFFDSP14,ZFFDSP,0.016,0.984
ZFFDSP16,ZFFDSP,0.021,0.979
ZFFDSP17,ZFFDSP,0.012,0.988
ZFFDSP18,ZFFDSP,0.016,0.984
ZFFDSP19,ZFFDSP,0.014,0.986
ZFFDSP21,ZFFDSP,0.012,0.988
ZFFDSP22,ZFFDSP,0.011,0.989
ZFFDSP23,ZFFDSP,0.01,0.99
ZFFDSP24,ZFFDSP,0.015,0.985
ZFFDSP26,ZFFDSP,0.013,0.987
ZFFDSP27,ZFFDSP,0.014,0.986
ZFFDSP28,ZFFDSP,0.1,0.9
ZFFDSP30,ZFFDSP,0.027,0.973
ZFFDSP31,ZFFDSP,0.015,0.985
ZFFDSP32,ZFFDSP,0.013,0.987
ZFFDSP33,ZFFDSP,0.012,0.988
ZFFDSP34,ZFFDSP,0.013,0.987
ZFFDSP35,ZFFDSP,0.014,0.986
ZFFDSP37,ZFFDSP,0.015,0.985
ZFFDSP38,ZFFDSP,0.015,0.985
ZFFDSP39,ZFFDSP,0.012,0.988
ZFFDSP40,ZFFDSP,0.015,0.985
ZFFDSP42,ZFFDSP,0.011,0.989
ZFFDSP43,ZFFDSP,0.012,0.988
ZFFDSP44,ZFFDSP,0.016,0.984
ZFFDSP45,ZFFDSP,0.013,0.987
ZFFDSP46,ZFFDSP,0.014,0.986
ZFFDSP47,ZFFDSP,0.013,0.987
ZFFDSP48,ZFFDSP,0.013,0.987
NA,NA,0,0
ZFI01,ZFI,0.974,0.026
ZFI02,ZFI,0.963,0.037
ZFI03,ZFI,0.977,0.023
ZFI04,ZFI,0.981,0.019
ZFI05,ZFI,0.956,0.044
ZFI06,ZFI,0.878,0.122
ZFI07,ZFI,0.98,0.02
ZFI08,ZFI,0.985,0.015
ZFI09,ZFI,0.976,0.024
ZFI10,ZFI,0.925,0.075
ZFI11,ZFI,0.983,0.017
ZFI12,ZFI,0.969,0.031
ZFI13,ZFI,0.976,0.024
ZFI14,ZFI,0.927,0.073
ZFI15,ZFI,0.978,0.022
ZFI16,ZFI,0.974,0.026
ZFI17,ZFI,0.977,0.023
ZFI18,ZFI,0.983,0.017
ZFI19,ZFI,0.984,0.016
ZFI20,ZFI,0.97,0.03
ZFI21,ZFI,0.883,0.117
ZFI22,ZFI,0.968,0.032
ZFI23,ZFI,0.977,0.023
ZFI24,ZFI,0.966,0.034
ZFI25,ZFI,0.968,0.032
ZFI26,ZFI,0.982,0.018
ZFI27,ZFI,0.95,0.05
ZFK01,ZFI,0.462,0.538
NA,NA,0,0
ZFK02,ZFK,0.508,0.492
ZFK03,ZFK,0.61,0.39
ZFK04,ZFK,0.822,0.178
ZFK05,ZFK,0.873,0.127
ZFK06,ZFK,0.923,0.077
ZFK07,ZFK,0.474,0.526
ZFK08,ZFK,0.947,0.053
ZFK10,ZFK,0.749,0.251
ZFK11,ZFK,0.909,0.091
ZFK12,ZFK,0.445,0.555
ZFK13,ZFK,0.296,0.704
ZFK14,ZFK,0.336,0.664
ZFK15,ZFK,0.692,0.308
ZFK16,ZFK,0.131,0.869
NA,NA,0,0
ZFLB01,ZFLB,0.969,0.031
ZFLB02,ZFLB,0.984,0.016
ZFLB03,ZFLB,0.96,0.04
ZFLB04,ZFLB,0.838,0.162
ZFLB05,ZFLB,0.975,0.025
ZFLB06,ZFLB,0.968,0.032
ZFLB07,ZFLB,0.865,0.135
ZFLB08,ZFLB,0.986,0.014
ZFLB09,ZFLB,0.979,0.021
ZFLB10,ZFLB,0.976,0.024
ZFLB11,ZFLB,0.966,0.034
ZFLB12,ZFLB,0.986,0.014
ZFLB13,ZFLB,0.973,0.027
NA,NA,0,0
ZFLTI01,ZFLTI,0.014,0.986
ZFLTI02,ZFLTI,0.015,0.985
ZFLTI03,ZFLTI,0.013,0.987
ZFLTI04,ZFLTI,0.018,0.982
ZFLTI05,ZFLTI,0.013,0.987
ZFLTI06,ZFLTI,0.013,0.987
ZFLTI07,ZFLTI,0.015,0.985
ZFLTI08,ZFLTI,0.022,0.978
ZFLTI09,ZFLTI,0.018,0.982
ZFLTI10,ZFLTI,0.015,0.985
ZFLTI11,ZFLTI,0.013,0.987
ZFLTI12,ZFLTI,0.013,0.987
ZFLTI13,ZFLTI,0.016,0.984
ZFLTI14,ZFLTI,0.016,0.984
NA,NA,0,0
ZFONF101,ZFONF1,0.012,0.988
ZFONF102,ZFONF1,0.023,0.977
ZFONF103,ZFONF1,0.015,0.985
ZFONF104,ZFONF1,0.009,0.991
ZFONF105,ZFONF1,0.01,0.99
ZFONF106,ZFONF1,0.013,0.987
ZFONF107,ZFONF1,0.106,0.894
ZFONF108,ZFONF1,0.022,0.978
ZFONF109,ZFONF1,0.018,0.982
ZFONF110,ZFONF1,0.009,0.991
ZFONF111,ZFONF1,0.053,0.947
ZFONF112,ZFONF1,0.012,0.988
ZFONF113,ZFONF1,0.016,0.984
ZFONF115,ZFONF1,0.015,0.985
ZFONF116,ZFONF1,0.015,0.985
ZFONF117,ZFONF1,0.016,0.984
ZFONF118,ZFONF1,0.016,0.984
ZFONF119,ZFONF1,0.02,0.98
ZFONF120,ZFONF1,0.02,0.98
ZFONF121,ZFONF1,0.015,0.985
ZFONF122,ZFONF1,0.019,0.981
ZFONF123,ZFONF1,0.044,0.956
ZFONF124,ZFONF1,0.014,0.986
ZFONF125,ZFONF1,0.05,0.95
ZFONF126,ZFONF1,0.013,0.987
NA,NA,0,0
ZFONF201,ZFONF2,0.169,0.831
ZFONF202,ZFONF2,0.011,0.989
ZFONF203,ZFONF2,0.037,0.963
ZFONF204,ZFONF2,0.1,0.9
ZFONF206,ZFONF2,0.232,0.768
ZFONF207,ZFONF2,0.042,0.958
ZFONF208,ZFONF2,0.035,0.965
ZFONF209,ZFONF2,0.047,0.953
ZFONF210,ZFONF2,0.012,0.988
ZFONF211,ZFONF2,0.016,0.984
ZFONF212,ZFONF2,0.012,0.988
ZFONF214,ZFONF2,0.015,0.985
ZFONF215,ZFONF2,0.01,0.99
ZFONF216,ZFONF2,0.012,0.988
ZFONF217,ZFONF2,0.013,0.987
ZFONF218,ZFONF2,0.066,0.934
ZFONF219,ZFONF2,0.012,0.988
ZFONF220,ZFONF2,0.014,0.986
ZFONF222,ZFONF2,0.033,0.967
ZFONF223,ZFONF2,0.04,0.96
ZFONF224,ZFONF2,0.019,0.981
ZFONF225,ZFONF2,0.01,0.99
ZFONF226,ZFONF2,0.013,0.987
ZFONF227,ZFONF2,0.009,0.991
ZFONF228,ZFONF2,0.01,0.99
ZFONF230,ZFONF2,0.009,0.991
ZFONF231,ZFONF2,0.011,0.989
ZFONF232,ZFONF2,0.013,0.987
ZFONF233,ZFONF2,0.018,0.982
ZFONF234,ZFONF2,0.042,0.958
ZFONF235,ZFONF2,0.012,0.988
ZFONF236,ZFONF2,0.049,0.951
ZFONF238,ZFONF2,0.023,0.977
ZFONF239,ZFONF2,0.065,0.935
ZFONF240,ZFONF2,0.009,0.991
ZFONF241,ZFONF2,0.042,0.958
ZFONF242,ZFONF2,0.019,0.981
ZFONF243,ZFONF2,0.013,0.987
ZFONF244,ZFONF2,0.011,0.989
ZFONF245,ZFONF2,0.012,0.988
NA,NA,0,0
ZFOS01,ZFO,0.141,0.859
ZFOS02,ZFO,0.346,0.654
ZFOS03,ZFO,0.443,0.557
ZFOS04,ZFO,0.302,0.698
ZFOS05,ZFO,0.197,0.803
ZFOS06,ZFO,0.182,0.818
ZFOS07,ZFO,0.529,0.471
ZFOS08,ZFO,0.426,0.574
ZFOS09,ZFO,0.312,0.688
ZFOS10,ZFO,0.532,0.468
ZFOS11,ZFO,0.231,0.769
ZFOS12,ZFO,0.616,0.384
ZFOS13,ZFO,0.265,0.735
ZFOS14,ZFO,0.422,0.578
ZFOS15,ZFO,0.501,0.499
ZFOS16,ZFO,0.266,0.734
ZFOS17,ZFO,0.398,0.602
ZFOS18,ZFO,0.38,0.62
ZFOS19,ZFO,0.386,0.614
ZFOS20,ZFO,0.368,0.632
ZFOS21,ZFO,0.303,0.697
ZFOS22,ZFO,0.087,0.913
ZFOS23,ZFO,0.679,0.321
ZFOS24,ZFO,0.347,0.653
ZFOS25,ZFO,0.056,0.944
ZFOS26,ZFO,0.057,0.943
ZFOS27,ZFO,0.219,0.781
ZFOS28,ZFO,0.472,0.528
ZFOS29,ZFO,0.388,0.612
ZFOS30,ZFO,0.357,0.643
ZFOS31,ZFO,0.327,0.673
ZFOS32,ZFO,0.26,0.74
NA,NA,0,0
ZFPB01,ZFBP,0.986,0.014
ZFPB02,ZFBP,0.962,0.038
ZFPB03,ZFBP,0.953,0.047
ZFPB05,ZFBP,0.975,0.025
ZFPB06,ZFBP,0.984,0.016
ZFPB07,ZFBP,0.963,0.037
ZFPB08,ZFBP,0.97,0.03
ZFPB10,ZFBP,0.982,0.018
ZFPB11,ZFBP,0.983,0.017
ZFPB12,ZFBP,0.981,0.019
ZFPB13,ZFBP,0.972,0.028
ZFPB14,ZFBP,0.961,0.039
ZFPB15,ZFBP,0.955,0.045
ZFPB17,ZFBP,0.986,0.014
ZFPB18,ZFBP,0.977,0.023
ZFPB19,ZFBP,0.978,0.022
ZFPB20,ZFBP,0.985,0.015
ZFPB21,ZFBP,0.967,0.033
ZFPB22,ZFBP,0.989,0.011
ZFPB23,ZFBP,0.98,0.02
NA,NA,0,0
ZFSF01,ZFSF,0.983,0.017
ZFSF02,ZFSF,0.909,0.091
ZFSF03,ZFSF,0.981,0.019
ZFSF04,ZFSF,0.972,0.028
NA,NA,0,0
ZFSW101,ZFSW1,0.74,0.26
ZFSW102,ZFSW1,0.966,0.034
ZFSW103,ZFSW1,0.883,0.117
ZFSW104,ZFSW1,0.96,0.04
ZFSW105,ZFSW1,0.76,0.24
ZFSW106,ZFSW1,0.915,0.085
ZFSW107,ZFSW1,0.971,0.029
ZFSW108,ZFSW1,0.986,0.014
ZFSW109,ZFSW1,0.966,0.034
ZFSW110,ZFSW1,0.904,0.096
ZFSW111,ZFSW1,0.63,0.37
ZFSW112,ZFSW1,0.853,0.147
ZFSW113,ZFSW1,0.817,0.183
ZFSW114,ZFSW1,0.946,0.054
ZFSW115,ZFSW1,0.955,0.045
ZFSW116,ZFSW1,0.904,0.096
ZFSW117,ZFSW1,0.861,0.139
ZFSW119,ZFSW1,0.984,0.016
ZFSW120,ZFSW1,0.991,0.009
ZFSW121,ZFSW1,0.964,0.036
ZFSW122,ZFSW1,0.954,0.046
ZFSW123,ZFSW1,0.982,0.018
ZFSW124,ZFSW1,0.979,0.021
NA,NA,0,0
ZFSW201,ZFSW2,0.986,0.014
ZFSW202,ZFSW2,0.982,0.018
ZFSW203,ZFSW2,0.983,0.017
ZFSW204,ZFSW2,0.982,0.018
ZFSW205,ZFSW2,0.974,0.026
ZFSW206,ZFSW2,0.979,0.021
ZFSW207,ZFSW2,0.962,0.038
ZFSW208,ZFSW2,0.977,0.023
ZFSW209,ZFSW2,0.98,0.02
ZFSW210,ZFSW2,0.915,0.085
ZFSW211,ZFSW2,0.964,0.036
ZFSW212,ZFSW2,0.97,0.03
ZFSW213,ZFSW2,0.973,0.027
ZFSW214,ZFSW2,0.964,0.036
ZFSW215,ZFSW2,0.976,0.024
ZFSW216,ZFSW2,0.967,0.033
ZFSW217,ZFSW2,0.978,0.022
ZFSW218,ZFSW2,0.972,0.028
ZFSW219,ZFSW2,0.97,0.03
ZFSW220,ZFSW2,0.979,0.021
ZFSW221,ZFSW2,0.971,0.029
ZFSW222,ZFSW2,0.986,0.014
ZFSW223,ZFSW2,0.982,0.018
ZFSW224,ZFSW2,0.967,0.033
ZFSW225,ZFSW2,0.977,0.023
ZFSW226,ZFSW2,0.972,0.028
ZFSW227,ZFSW2,0.978,0.022
ZFSW229,ZFSW2,0.979,0.021
ZFSW230,ZFSW2,0.954,0.046
ZFSW231,ZFSW2,0.977,0.023
ZFSW232,ZFSW2,0.978,0.022
ZFSW233,ZFSW2,0.971,0.029
ZFSW234,ZFSW2,0.984,0.016
ZFSW235,ZFSW2,0.973,0.027
ZFSW236,ZFSW2,0.975,0.025
ZFSW237,ZFSW2,0.974,0.026
ZFSW238,ZFSW2,0.975,0.025
ZFSW239,ZFSW2,0.971,0.029
ZFSW240,ZFSW2,0.986,0.014
NA,NA,0,0
ZFTS01,ZFTS,0.986,0.014
ZFTS02,ZFTS,0.978,0.022
ZFTS03,ZFTS,0.985,0.015
ZFTS04,ZFTS,0.987,0.013
ZFTS05,ZFTS,0.984,0.016
ZFTS07,ZFTS,0.988,0.012
ZFTS08,ZFTS,0.99,0.01
ZFTS09,ZFTS,0.991,0.009
ZFTS10,ZFTS,0.987,0.013
ZFTS11,ZFTS,0.988,0.012
ZFTS12,ZFTS,0.988,0.012
ZFTS14,ZFTS,0.985,0.015
ZFTS15,ZFTS,0.984,0.016
ZFTS16,ZFTS,0.979,0.021
ZFTS17,ZFTS,0.983,0.017
ZFTS18,ZFTS,0.989,0.011
ZFTS19,ZFTS,0.989,0.011
ZFTS20,ZFTS,0.988,0.012
ZFTS21,ZFTS,0.988,0.012
ZFTS22,ZFTS,0.99,0.01
ZFTS23,ZFTS,0.984,0.016
ZFTS24,ZFTS,0.988,0.012
ZFTS25,ZFTS,0.982,0.018
ZFTS26,ZFTS,0.989,0.011
ZFTS27,ZFTS,0.982,0.018
ZFTS28,ZFTS,0.968,0.032
ZFTS29,ZFTS,0.991,0.009
ZFTS30,ZFTS,0.988,0.012
ZFTS31,ZFTS,0.985,0.015
ZFTS32,ZFTS,0.986,0.014
ZFTS33,ZFTS,0.981,0.019
ZFTS34,ZFTS,0.982,0.018
ZFTS35,ZFTS,0.985,0.015
ZFTS36,ZFTS,0.986,0.014
ZFTS37,ZFTS,0.984,0.016
ZFTS38,ZFTS,0.986,0.014
ZFTS39,ZFTS,0.984,0.016
ZFTS40,ZFTS,0.962,0.038
NA,NA,0,0
ZFTSP101,ZFTSP1,0.014,0.986
ZFTSP102,ZFTSP1,0.021,0.979
ZFTSP103,ZFTSP1,0.014,0.986
ZFTSP104,ZFTSP1,0.012,0.988
ZFTSP105,ZFTSP1,0.014,0.986
ZFTSP106,ZFTSP1,0.018,0.982
ZFTSP107,ZFTSP1,0.015,0.985
ZFTSP108,ZFTSP1,0.016,0.984
ZFTSP109,ZFTSP1,0.017,0.983
ZFTSP110,ZFTSP1,0.016,0.984
ZFTSP111,ZFTSP1,0.013,0.987
ZFTSP112,ZFTSP1,0.017,0.983
ZFTSP113,ZFTSP1,0.016,0.984
ZFTSP114,ZFTSP1,0.013,0.987
ZFTSP115,ZFTSP1,0.014,0.986
ZFTSP116,ZFTSP1,0.015,0.985
ZFTSP117,ZFTSP1,0.013,0.987
ZFTSP118,ZFTSP1,0.014,0.986
ZFTSP119,ZFTSP1,0.094,0.906
ZFTSP120,ZFTSP1,0.013,0.987
ZFTSP121,ZFTSP1,0.059,0.941
ZFTSP122,ZFTSP1,0.011,0.989
ZFTSP123,ZFTSP1,0.012,0.988
ZFTSP124,ZFTSP1,0.011,0.989
ZFTSP125,ZFTSP1,0.011,0.989
ZFTSP126,ZFTSP1,0.016,0.984
ZFTSP127,ZFTSP1,0.012,0.988
ZFTSP128,ZFTSP1,0.013,0.987
ZFTSP129,ZFTSP1,0.011,0.989
ZFTSP130,ZFTSP1,0.012,0.988
ZFTSP131,ZFTSP1,0.01,0.99
ZFTSP132,ZFTSP1,0.016,0.984
ZFTSP133,ZFTSP1,0.01,0.99
ZFTSP134,ZFTSP1,0.011,0.989
ZFTSP135,ZFTSP1,0.012,0.988
ZFTSP136,ZFTSP1,0.013,0.987
ZFTSP137,ZFTSP1,0.055,0.945
ZFTSP138,ZFTSP1,0.017,0.983
ZFTSP139,ZFTSP1,0.01,0.99
ZFTSP140,ZFTSP1,0.026,0.974
ZFTSP141,ZFTSP1,0.024,0.976
ZFTSP142,ZFTSP1,0.017,0.983
ZFTSP143,ZFTSP1,0.014,0.986
ZFTSP144,ZFTSP1,0.019,0.981
ZFTSP145,ZFTSP1,0.012,0.988
NA,NA,0,0
ZFTSP201,ZFTSP2,0.018,0.982
ZFTSP202,ZFTSP2,0.026,0.974
ZFTSP203,ZFTSP2,0.015,0.985
ZFTSP204,ZFTSP2,0.015,0.985
ZFTSP205,ZFTSP2,0.024,0.976
ZFTSP206,ZFTSP2,0.019,0.981
ZFTSP207,ZFTSP2,0.015,0.985
ZFTSP208,ZFTSP2,0.02,0.98
ZFTSP209,ZFTSP2,0.013,0.987
ZFTSP210,ZFTSP2,0.015,0.985
ZFTSP211,ZFTSP2,0.02,0.98
ZFTSP212,ZFTSP2,0.009,0.991
ZFTSP213,ZFTSP2,0.016,0.984
ZFTSP214,ZFTSP2,0.014,0.986
ZFTSP215,ZFTSP2,0.014,0.986
ZFTSP216,ZFTSP2,0.076,0.924
ZFTSP217,ZFTSP2,0.016,0.984
ZFTSP218,ZFTSP2,0.016,0.984
ZFTSP219,ZFTSP2,0.024,0.976
ZFTSP220,ZFTSP2,0.052,0.948
ZFTSP221,ZFTSP2,0.017,0.983
ZFTSP222,ZFTSP2,0.09,0.91
ZFTSP223,ZFTSP2,0.012,0.988
ZFTSP224,ZFTSP2,0.012,0.988
ZFTSP225,ZFTSP2,0.013,0.987
ZFTSP226,ZFTSP2,0.014,0.986
ZFTSP227,ZFTSP2,0.027,0.973
ZFTSP228,ZFTSP2,0.026,0.974
NA,NA,0,0
ZFW01,ZFW,0.965,0.035
ZFW02,ZFW,0.966,0.034
ZFW03,ZFW,0.959,0.041
ZFW04,ZFW,0.984,0.016
ZFW05,ZFW,0.972,0.028
ZFW06,ZFW,0.983,0.017
NA,NA,0,0
ZFWB01,ZFWB,0.652,0.348
ZFWB02,ZFWB,0.947,0.053
ZFWB03,ZFWB,0.803,0.197
ZFWB05,ZFWB,0.854,0.146
ZFWB06,ZFWB,0.783,0.217
ZFWB07,ZFWB,0.845,0.155
ZFWB10,ZFWB,0.772,0.228
ZFWB11,ZFWB,0.883,0.117
ZFWB12,ZFWB,0.666,0.334
ZFWB13,ZFWB,0.574,0.426
ZFWB14,ZFWB,0.57,0.43
ZFWB15,ZFWB,0.861,0.139
ZFWB18,ZFWB,0.62,0.38
ZFWB19,ZFWB,0.955,0.045
ZFWB20,ZFWB,0.858,0.142
ZFWB21,ZFWB,0.841,0.159
ZFWB22,ZFWB,0.773,0.227
ZFWB23,ZFWB,0.29,0.71
ZFWB24,ZFWB,0.55,0.45
ZFWB25,ZFWB,0.871,0.129
ZFWB26,ZFWB,0.926,0.074
ZFWB27,ZFWB,0.908,0.092
ZFWB29,ZFWB,0.928,0.072
ZFWB30,ZFWB,0.812,0.188
ZFWB31,ZFWB,0.589,0.411
ZFWB32,ZFWB,0.938,0.062
ZFWB35,ZFWB,0.771,0.229
ZFWB36,ZFWB,0.927,0.073
ZFWB37,ZFWB,0.846,0.154
ZFWB38,ZFWB,0.911,0.089
ZFWB39,ZFWB,0.731,0.269
ZFWB40,ZFWB,0.743,0.257
ZFWB41,ZFWB,0.789,0.211
ZFWB42,ZFWB,0.7,0.3
ZFWB43,ZFWB,0.9,0.1
ZFWB44,ZFWB,0.974,0.026
ZFWB46,ZFWB,0.892,0.108
ZFWB47,ZFWB,0.917,0.083
ZFWB48,ZFWB,0.609,0.391
ZFWB49,ZFWB,0.411,0.589
NA,NA,0,0
ZCF01,ZCF,0.974,0.026
ZCF02,ZCF,0.984,0.016
ZCF03,ZCF,0.963,0.037
ZCF04,ZCF,0.959,0.041
ZCF05,ZCF,0.986,0.014
ZCF06,ZCF,0.737,0.263
ZCF07,ZCF,0.972,0.028
ZCF08,ZCF,0.951,0.049
ZCF09,ZCF,0.412,0.588
ZCF10,ZCF,0.884,0.116
ZCF11,ZCF,0.962,0.038
ZCF12,ZCF,0.982,0.018
ZCF13,ZCF,0.945,0.055
ZCF14,ZCF,0.912,0.088
ZCF15,ZCF,0.965,0.035
ZCF16,ZCF,0.963,0.037
ZCF17,ZCF,0.977,0.023
ZCF18,ZCF,0.946,0.054
ZCF19,ZCF,0.98,0.02
ZCF20,ZCF,0.959,0.041
ZCF21,ZCF,0.949,0.051
ZCF22,ZCF,0.922,0.078
ZCF23,ZCF,0.961,0.039
ZCF24,ZCF,0.616,0.384
ZCF25,ZCF,0.869,0.131
ZCF26,ZCF,0.814,0.186
ZCF27,ZCF,0.971,0.029
ZCF28,ZCF,0.983,0.017
ZCF29,ZCF,0.931,0.069
ZCF30,ZCF,0.973,0.027
ZCF31,ZCF,0.957,0.043
ZCF32,ZCF,0.965,0.035
ZCF33,ZCF,0.984,0.016
ZCF34,ZCF,0.501,0.499
ZCF35,ZCF,0.937,0.063
ZCF36,ZCF,0.946,0.054
ZCF37,ZCF,0.966,0.034
ZCF38,ZCF,0.912,0.088
ZCF39,ZCF,0.185,0.815
ZCF40,ZCF,0.788,0.212
ZCF41,ZCF,0.978,0.022
ZCF42,ZCF,0.829,0.171
