Sample.Name,Pop,C1,C2,C3
TMA-ZAIN-G-1,MBC,0.545,0.45,0.005
TMA-ZAIN-G-2,MBC,0.625,0.336,0.038
TMA-ZAIN-G-3,MBC,0.005,0.988,0.007
TMA-ZAIN-G-4,MBC,0.045,0.949,0.005
TMA-ZAIN-G-5,MBC,0.954,0.033,0.013
TMA-ZAIN-G-6,MBC,0.023,0.97,0.008
TMA-ZAIN-G-7,MBC,0.009,0.984,0.007
TMA-ZAIN-G-8,MBC,0.005,0.988,0.007
TMA-ZAIN-G-9,MBC,0.044,0.883,0.072
TMA-ZAIN-G-10,MBC,0.005,0.989,0.007
TMA-ZAIN-G-11,MBC,0.008,0.975,0.018
TMA-ZAIN-G-12,MBC,0.006,0.987,0.007
TMA-ZAIN-G-13,MBC,0.016,0.975,0.009
TMA-ZAIN-G-14,MBC,0.015,0.976,0.009
TMA-ZAIN-G-15,MBC,0.008,0.986,0.006
TMA-ZAIN-G-16,MBC,0.006,0.988,0.006
TMA-ZAIN-G-17,MBC,0.007,0.989,0.004
TMA-ZAIN-G-18,MBC,0.748,0.248,0.004
TMA-ZAIN-G-19,MBC,0.479,0.516,0.004
TMA-ZAIN-G-20,MBC,0.982,0.012,0.005
TMA-ZAIN-G-21,MBC,0.966,0.026,0.008
TMA-ZAIN-G-22,MBC,0.989,0.008,0.004
TMA-ZAIN-G-23,MBC,0.9,0.096,0.004
TMA-ZAIN-G-24,MBC,0.633,0.316,0.051
TMA-ZAIN-G-25,MBC,0.532,0.463,0.005
TMA-ZAIN-G-26,MBC,0.009,0.981,0.01
TMA-ZAIN-G-27,MBC,0.705,0.286,0.009
TMA-ZAIN-G-28,MBC,0.65,0.327,0.023
TMA-ZAIN-G-29,MBC,0.099,0.886,0.015
TMA-ZAIN-G-30,MBC,0.028,0.881,0.091
TMA-ZAIN-G-31,MBC,0.968,0.025,0.007
TMA-ZAIN-G-32,MBC,0.105,0.887,0.008
TMA-ZAIN-G-33,MBC,0.005,0.989,0.006
TMA-ZAIN-G-34,MBC,0.01,0.984,0.007
TMA-ZAIN-G-35,MBC,0.006,0.988,0.006
TMA-ZAIN-G-36,MBC,0.004,0.989,0.006
TMA-ZAIN-G-37,MBC,0.008,0.986,0.007
TMA-ZAIN-G-38,MBC,0.26,0.734,0.005
TMA-ZAIN-G-39,MBC,0.005,0.987,0.008
TMA-ZAIN-G-40,MBC,0.004,0.99,0.006
TMA-ZAIN-G-41,MBC,0.005,0.987,0.007
TMA-ZAIN-G-42,MBC,0.005,0.987,0.008
TMA-ZAIN-G-43,MBC,0.011,0.98,0.009
TMA-ZAIN-G-44,MBC,0.864,0.122,0.014
TMA-ZAIN-G-45,MBC,0.01,0.982,0.008
TMA-ZAIN-G-46,MBC,0.98,0.014,0.006
TMA-ZAIN-G-47,MBC,0.013,0.981,0.006
TMA-ZAIN-G-48,MBC,0.009,0.983,0.008
TMA-ZAIN-G-49,MBC,0.732,0.26,0.008
TMA-ZAIN-G-50,MBC,0.595,0.4,0.005
TMA-ZAIN-G-51,MBC,0.68,0.176,0.144
TMA-ZAIN-G-52,MBC,0.449,0.485,0.066
TMA-ZAIN-G-53,MBC,0.619,0.37,0.011
TMA-ZAIN-G-54,MBC,0.01,0.981,0.008
TMA-ZAIN-G-55,MBC,0.011,0.982,0.008
TMA-ZAIN-G-56,MBC,0.069,0.926,0.005
TMA-ZAIN-G-57,MBC,0.012,0.982,0.006
TMA-ZAIN-G-58,MBC,0.59,0.405,0.005
TMA-ZAIN-G-59,MBC,0.241,0.746,0.013
TMA-ZAIN-G-60,MBC,0.654,0.339,0.007
TMA-ZAIN-G-61,MBC,0.932,0.056,0.012
TMA-ZAIN-G-62,MBC,0.905,0.086,0.01
TMA-ZAIN-G-63,MBC,0.963,0.031,0.006
TMA-ZAIN-G-64,MBC,0.004,0.979,0.017
TMA-ZAIN-G-65,MBC,0.004,0.989,0.007
TMA-ZAIN-G-66,MBC,0.004,0.985,0.011
TMA-ZAIN-G-67,MBC,0.008,0.983,0.009
TMA-ZAIN-G-68,MBC,0.004,0.987,0.01
TMA-ZAIN-G-69,MBC,0.014,0.967,0.019
TMA-ZAIN-G-70,MBC,0.006,0.976,0.018
TMA-ZAIN-G-71,MBC,0.005,0.955,0.04
TMA-ZAIN-G-72,MBC,0.005,0.986,0.009
TMA-ZAIN-G-73,MBC,0.009,0.976,0.015
TMA-ZAIN-G-74,MBC,0.011,0.969,0.02
TMA-ZAIN-G-75,MBC,0.007,0.952,0.041
TMA-ZAIN-G-76,MBC,0.03,0.94,0.03
TMA-ZAIN-G-77,MBC,0.006,0.987,0.007
TMA-ZAIN-G-78,MBC,0.02,0.975,0.005
TMA-ZAIN-G-79,MBC,0.01,0.984,0.006
TMA-ZAIN-G-80,MBC,0.005,0.989,0.007
TMA-ZAIN-G-81,MBC,0.008,0.981,0.011
TMA-ZAIN-G-82,MBC,0.005,0.978,0.017
TMA-ZAIN-G-83,MBC,0.012,0.979,0.009
TMA-ZAIN-G-84,MBC,0.012,0.982,0.005
TMA-ZAIN-G-85,MBC,0.491,0.505,0.004
TMA-ZAIN-G-86,MBC,0.254,0.741,0.005
TMA-ZAIN-G-87,MBC,0.691,0.305,0.004
TMA-ZAIN-G-88,MBC,0.029,0.964,0.007
TMA-ZAIN-G-89,MBC,0.041,0.953,0.007
TMA-ZAIN-G-90,MBC,0.167,0.828,0.005
TMA-ZAIN-G-91,MBC,0.133,0.861,0.006
TMA-ZAIN-G-92,MBC,0.056,0.938,0.006
TMA-ZAIN-G-93,MBC,0.051,0.942,0.007
TMA-ZAIN-G-94,MBC,0.393,0.601,0.006
TMA-ZAIN-G-95,MBC,0.865,0.089,0.047
TMA-ZAIN-G-96,MBC,0.467,0.524,0.009
TMA-ZAIN-G-97,MBC,0.972,0.02,0.008
TMA-ZAIN-G-98,MBC,0.92,0.043,0.037
TMA-ZAIN-G-99,MBC,0.523,0.459,0.018
TMA-ZAIN-G-101,MBC,0.984,0.009,0.006
TMA-ZAIN-G-102,MBC,0.909,0.078,0.013
TMA-ZAIN-G-103,MBC,0.737,0.255,0.008
TMA-ZAIN-G-104,MBC,0.847,0.148,0.005
TMA-ZAIN-G-105,MBC,0.979,0.016,0.005
TMA-ZAIN-G-106,MBC,0.764,0.231,0.005
TMA-ZAIN-G-107,MBC,0.004,0.988,0.008
TMA-ZAIN-G-108,MBC,0.005,0.984,0.011
TMA-ZAIN-G-109,MBC,0.138,0.856,0.006
TMA-ZAIN-G-110,MBC,0.147,0.846,0.007
TMA-ZAIN-G-111,MBC,0.032,0.962,0.006
TMA-ZAIN-G-112,MBC,0.579,0.414,0.007
TMA-ZAIN-G-113,MBC,0.169,0.824,0.007
TMA-ZAIN-G-114,MBC,0.652,0.326,0.022
TMA-ZAIN-G-115,MBC,0.955,0.033,0.012
TMA-ZAIN-G-116,MBC,0.922,0.063,0.015
TMA-ZAIN-G-117,MBC,0.004,0.989,0.007
TMA-ZAIN-G-118,MBC,0.005,0.989,0.007
TMA-ZAIN-G-119,MBC,0.005,0.988,0.007
TMA-ZAIN-G-120,MBC,0.009,0.984,0.007
TMA-ZAIN-G-121,MBC,0.006,0.988,0.006
TMA-ZAIN-G-122,MBC,0.005,0.987,0.008
TMA-ZAIN-G-123,MBC,0.008,0.986,0.007
TMA-ZAIN-G-124,MBC,0.965,0.029,0.005
TMA-ZAIN-G-125,MBC,0.006,0.988,0.007
TMA-ZAIN-G-126,MBC,0.004,0.99,0.006
TMA-ZAIN-G-127,MBC,0.005,0.989,0.007
TMA-ZAIN-G-128,MBC,0.004,0.99,0.006
TMA-ZAIN-G-129,MBC,0.005,0.988,0.006
TMA-ZAIN-G-130,MBC,0.005,0.987,0.008
TMA-ZAIN-G-131,MBC,0.005,0.989,0.006
TMA-ZAIN-G-132,MBC,0.005,0.989,0.006
TMA-ZAIN-G-133,MBC,0.004,0.988,0.007
TMA-ZAIN-G-134,MBC,0.006,0.988,0.006
TMA-ZAIN-G-135,MBC,0.005,0.988,0.007
TMA-ZAIN-G-136,MBC,0.005,0.987,0.008
TMA-ZAIN-G-137,MBC,0.005,0.985,0.01
TMA-ZAIN-G-138,MBC,0.006,0.988,0.007
TMA-ZAIN-G-139,MBC,0.004,0.987,0.009
TMA-ZAIN-G-140,MBC,0.005,0.987,0.008
TMA-ZAIN-G-141,MBC,0.006,0.987,0.007
TMA-ZAIN-G-142,MBC,0.006,0.988,0.006
TMA-ZAIN-G-143,MBC,0.005,0.988,0.007
TMA-ZAIN-G-144,MBC,0.005,0.988,0.007
TMA-ZAIN-G-145,MBC,0.006,0.987,0.007
TMA-ZAIN-G-146,MBC,0.004,0.99,0.007
TMA-ZAIN-G-147,MBC,0.005,0.981,0.014
TMA-ZAIN-G-148,MBC,0.004,0.988,0.008
TMA-ZAIN-G-149,MBC,0.005,0.978,0.018
TMA-ZAIN-G-150,MBC,0.006,0.986,0.008
TMA-ZAIN-G-151,MBC,0.006,0.976,0.018
TMA-ZAIN-G-152,MBC,0.005,0.989,0.007
TMA-ZAIN-G-153,MBC,0.006,0.987,0.007
TMA-ZAIN-G-154,MBC,0.004,0.988,0.008
TMA-ZAIN-G-155,MBC,0.005,0.99,0.006
TMA-ZAIN-G-156,MBC,0.005,0.988,0.007
TMA-ZAIN-G-157,MBC,0.008,0.983,0.009
TMA-ZAIN-G-158,MBC,0.007,0.986,0.008
TMA-ZAIN-G-159,MBC,0.006,0.983,0.011
TMA-ZAIN-G-160,MBC,0.005,0.979,0.016
TMA-ZAIN-G-161,MBC,0.004,0.988,0.008
TMA-ZAIN-G-162,MBC,0.004,0.988,0.008
TMA-ZAIN-G-163,MBC,0.005,0.988,0.007
TMA-ZAIN-G-164,MBC,0.004,0.99,0.006
TMA-ZAIN-G-165,MBC,0.006,0.988,0.007
TMA-ZAIN-G-166,MBC,0.005,0.988,0.007
TMA-ZAIN-G-167,MBC,0.004,0.989,0.007
TMA-ZAIN-G-168,MBC,0.006,0.986,0.007
TMA-ZAIN-G-169,MBC,0.007,0.983,0.01
TMA-ZAIN-G-170,MBC,0.004,0.986,0.01
TMA-ZAIN-G-171,MBC,0.014,0.978,0.008
TMA-ZAIN-G-172,MBC,0.004,0.987,0.009
TMA-ZAIN-G-173,MBC,0.008,0.986,0.007
TMA-ZAIN-G-174,MBC,0.008,0.985,0.007
TMA-ZAIN-G-175,MBC,0.004,0.988,0.008
TMA-ZAIN-G-176,MBC,0.006,0.977,0.018
TMA-ZAIN-G-177,MBC,0.005,0.979,0.016
TMA-ZAIN-G-178,MBC,0.008,0.941,0.051
TMA-ZAIN-G-179,MBC,0.014,0.977,0.009
TMA-ZAIN-G-180,MBC,0.007,0.976,0.017
TMA-ZAIN-G-181,MBC,0.005,0.988,0.007
TMA-ZAIN-G-182,MBC,0.006,0.983,0.011
TMA-ZAIN-G-183,MBC,0.008,0.984,0.009
TMA-ZAIN-G-184,MBC,0.006,0.986,0.008
TMA-ZAIN-G-185,MBC,0.006,0.985,0.009
TMA-ZAIN-G-186,MBC,0.006,0.984,0.01
TMA-ZAIN-G-187,MBC,0.007,0.985,0.008
TMA-ZAIN-G-188,MBC,0.007,0.984,0.009
TMA-ZAIN-G-189,MBC,0.004,0.988,0.008
TMA-ZAIN-G-190,MBC,0.004,0.988,0.008
TMA-ZAIN-G-191,MBC,0.011,0.972,0.018
TMA-ZAIN-G-192,MBC,0.005,0.984,0.011
TMA-ZAIN-G-193,MBC,0.007,0.984,0.008
TMA-ZAIN-G-194,MBC,0.01,0.98,0.01
TMA-ZAIN-G-195,MBC,0.011,0.98,0.009
TMA-ZAIN-G-196,MBC,0.012,0.959,0.029
TMA-ZAIN-G-197,MBC,0.01,0.98,0.009
TMA-ZAIN-G-198,MBC,0.007,0.985,0.008
TMA-ZAIN-G-199,MBC,0.009,0.981,0.01
TMA-ZAIN-G-200,MBC,0.006,0.987,0.007
TMA-ZAIN-G-201,MBC,0.989,0.007,0.004
TMA-ZAIN-G-202,MBC,0.961,0.035,0.005
TMA-ZAIN-G-203,MBC,0.981,0.013,0.005
TMA-ZAIN-G-204,MBC,0.016,0.974,0.011
TMA-ZAIN-G-205,MBC,0.926,0.048,0.026
TMA-ZAIN-G-206,MBC,0.665,0.329,0.006
TMA-ZAIN-G-207,MBC,0.941,0.05,0.008
TMA-ZAIN-G-208,MBC,0.008,0.985,0.007
TMA-ZAIN-G-209,MBC,0.004,0.99,0.006
TMA-ZAIN-G-210,MBC,0.004,0.988,0.008
TMA-ZAIN-G-211,MBC,0.006,0.986,0.008
TMA-ZAIN-G-212,MBC,0.009,0.984,0.007
TMA-ZAIN-G-213,MBC,0.007,0.985,0.007
TMA-ZAIN-G-214,MBC,0.005,0.988,0.007
TMA-ZAIN-G-215,MBC,0.005,0.988,0.007
TMA-ZAIN-G-216,MBC,0.032,0.963,0.005
TMA-ZAIN-G-217,MBC,0.006,0.988,0.006
TMA-ZAIN-G-218,MBC,0.004,0.988,0.008
TMA-ZAIN-G-219,MBC,0.808,0.172,0.02
TMA-ZAIN-G-220,MBC,0.772,0.221,0.008
TMA-ZAIN-G-221,MBC,0.75,0.244,0.006
TMA-ZAIN-G-222,MBC,0.603,0.383,0.014
TMA-ZAIN-G-223,MBC,0.746,0.248,0.006
TMA-ZAIN-G-224,MBC,0.958,0.038,0.004
TMA-ZAIN-G-225,MBC,0.483,0.512,0.004
TMA-ZAIN-G-226,MBC,0.978,0.018,0.004
TMA-ZAIN-G-227,MBC,0.769,0.227,0.004
TMA-ZAIN-G-228,MBC,0.955,0.04,0.005
TMA-ZAIN-G-229,MBC,0.631,0.363,0.006
TMA-ZAIN-G-230,MBC,0.971,0.022,0.007
TMA-ZAIN-G-231,MBC,0.324,0.667,0.009
TMA-ZAIN-G-232,MBC,0.726,0.269,0.005
TMA-ZAIN-G-233,MBC,0.867,0.126,0.008
TMA-ZAIN-G-234,MBC,0.497,0.496,0.006
TMA-ZAIN-G-235,MBC,0.973,0.02,0.007
TMA-ZAIN-G-236,MBC,0.848,0.136,0.016
TMA-ZAIN-G-237,MBC,0.907,0.088,0.005
TMA-ZAIN-G-238,MBC,0.41,0.583,0.006
TMA-ZAIN-G-239,MBC,0.636,0.358,0.005
TMA-ZAIN-G-240,MBC,0.599,0.387,0.014
TMA-ZAIN-G-241,MBC,0.98,0.014,0.006
TMA-ZAIN-G-242,MBC,0.943,0.047,0.01
TMA-ZAIN-G-243,MBC,0.957,0.035,0.008
TMA-ZAIN-G-244,MBC,0.93,0.056,0.013
TMA-ZAIN-G-245,MBC,0.914,0.075,0.011
TMA-ZAIN-G-246,MBC,0.978,0.017,0.005
TMA-ZAIN-G-248,MBC,0.986,0.009,0.005
TMA-ZAIN-G-249,MBC,0.971,0.021,0.008
TMA-ZAIN-G-250,MBC,0.972,0.022,0.007
TMA-ZAIN-G-251,MBC,0.984,0.01,0.005
TMA-ZAIN-G-252,MBC,0.979,0.014,0.007
TMA-ZAIN-G-253,MBC,0.018,0.975,0.007
TMA-ZAIN-G-254,MBC,0.007,0.973,0.02
TMA-ZAIN-G-255,MBC,0.008,0.985,0.008
TMA-ZAIN-G-256,MBC,0.008,0.986,0.006
TMA-ZAIN-G-257,MBC,0.117,0.874,0.009
TMA-ZAIN-G-258,MBC,0.01,0.982,0.008
TMA-ZAIN-G-259,MBC,0.01,0.983,0.007
TMA-ZAIN-G-260,MBC,0.008,0.985,0.007
TMA-ZAIN-G-261,MBC,0.021,0.971,0.008
TMA-ZAIN-G-262,MBC,0.015,0.974,0.011
TMA-ZAIN-G-263,MBC,0.015,0.977,0.008
TMA-ZAIN-G-264,MBC,0.011,0.982,0.007
TMA-ZAIN-G-265,MBC,0.018,0.975,0.008
TMA-ZAIN-G-266,MBC,0.015,0.977,0.008
TMA-ZAIN-G-267,MBC,0.03,0.961,0.008
TMA-ZAIN-G-268,MBC,0.009,0.984,0.007
TMA-ZAIN-G-269,MBC,0.44,0.551,0.009
TMA-ZAIN-G-270,MBC,0.977,0.019,0.004
TMA-ZAIN-G-271,MBC,0.926,0.07,0.004
TMA-ZAIN-G-272,MBC,0.917,0.079,0.004
TMA-ZAIN-G-273,MBC,0.973,0.023,0.004
TMA-ZAIN-G-274,MBC,0.939,0.057,0.004
TMA-ZAIN-G-275,MBC,0.981,0.016,0.003
TMA-ZAIN-G-276,MBC,0.956,0.035,0.009
TMA-ZAIN-G-277,MBC,0.983,0.014,0.003
TMA-ZAIN-G-278,MBC,0.977,0.019,0.004
TMA-ZAIN-G-279,MBC,0.979,0.015,0.006
TMA-ZAIN-G-280,MBC,0.977,0.019,0.004
TMA-ZAIN-G-281,MBC,0.971,0.025,0.004
TMA-ZAIN-G-282,MBC,0.967,0.028,0.004
TMA-ZAIN-G-283,MBC,0.973,0.023,0.004
TMA-ZAIN-G-284,MBC,0.987,0.009,0.004
TMA-ZAIN-G-285,MBC,0.971,0.025,0.004
TMA-ZAIN-G-286,MBC,0.96,0.035,0.005
TMA-ZAIN-G-287,MBC,0.966,0.027,0.007
TMA-ZAIN-G-288,MBC,0.988,0.008,0.004
TMA-ZAIN-G-289,MBC,0.978,0.015,0.007
TMA-ZAIN-G-290,MBC,0.911,0.08,0.009
TMA-ZAIN-G-291,MBC,0.958,0.033,0.009
TMA-ZAIN-G-292,MBC,0.974,0.021,0.005
TMA-ZAIN-G-293,MBC,0.951,0.034,0.014
TMA-ZAIN-G-294,MBC,0.01,0.984,0.006
TMA-ZAIN-G-295,MBC,0.006,0.989,0.005
TMA-ZAIN-G-296,MBC,0.006,0.974,0.02
TMA-ZAIN-G-297,MBC,0.009,0.973,0.017
TMA-ZAIN-G-298,MBC,0.008,0.986,0.006
TMA-ZAIN-G-299,MBC,0.006,0.988,0.006
TMA-ZAIN-G-301,MBC,0.008,0.985,0.007
TMA-ZAIN-G-302,MBC,0.006,0.986,0.007
TMA-ZAIN-G-303,MBC,0.006,0.97,0.024
TMA-ZAIN-G-304,MBC,0.006,0.986,0.008
TMA-ZAIN-G-305,MBC,0.005,0.987,0.008
TMA-ZAIN-G-306,MBC,0.612,0.34,0.048
NA,NA,0,0,0
TMA-ZAIN-G-307,MSBG,0.009,0.982,0.008
TMA-ZAIN-G-308,MSBG,0.005,0.989,0.006
TMA-ZAIN-G-309,MSBG,0.016,0.977,0.007
TMA-ZAIN-G-310,MSBG,0.007,0.984,0.009
TMA-ZAIN-G-311,MSBG,0.094,0.897,0.009
TMA-ZAIN-G-312,MSBG,0.005,0.988,0.007
TMA-ZAIN-G-313,MSBG,0.007,0.986,0.006
TMA-ZAIN-G-314,MSBG,0.009,0.985,0.006
TMA-ZAIN-G-315,MSBG,0.011,0.982,0.006
TMA-ZAIN-G-316,MSBG,0.006,0.983,0.011
TMA-ZAIN-G-317,MSBG,0.831,0.165,0.005
TMA-ZAIN-G-318,MSBG,0.288,0.707,0.005
TMA-ZAIN-G-319,MSBG,0.371,0.624,0.005
TMA-ZAIN-G-320,MSBG,0.658,0.337,0.005
TMA-ZAIN-G-321,MSBG,0.967,0.027,0.006
NA,NA,0,0,0
TMA-ZAIN-G-322,AA,0.513,0.482,0.005
TMA-ZAIN-G-323,AA,0.085,0.909,0.006
NA,NA,0,0,0
TMA-ZAIN-G-324,HBG,0.118,0.874,0.009
TMA-ZAIN-G-325,HBG,0.138,0.856,0.006
TMA-ZAIN-G-326,FTBG,0.54,0.454,0.007
TMA-ZAIN-G-327,FTBG,0.009,0.984,0.007
TMA-ZAIN-G-328,FTBG,0.749,0.239,0.012
TMA-ZAIN-G-329,FTBG,0.316,0.66,0.024
TMA-ZAIN-G-330,FTBG,0.007,0.985,0.008
TMA-ZAIN-G-331,FTBG,0.358,0.633,0.008
TMA-ZAIN-G-332,FTBG,0.006,0.988,0.007
NA,NA,0,0,0
TMA-ZAIN-G-333,UCBBG,0.004,0.989,0.007
TMA-ZAIN-G-334,UCBBG,0.151,0.794,0.055
TMA-ZAIN-G-335,UCBBG,0.006,0.986,0.008
TMA-ZAIN-G-336,UCBBG,0.009,0.983,0.009
TMA-ZAIN-G-337,UCBBG,0.976,0.02,0.004
TMA-ZAIN-G-338,UCBBG,0.943,0.054,0.003
TMA-ZAIN-G-339,UCBBG,0.876,0.12,0.004
TMA-ZAIN-G-340,UCBBG,0.963,0.032,0.004
TMA-ZAIN-G-341,UCBBG,0.989,0.008,0.003
TMA-ZAIN-G-342,UCBBG,0.992,0.005,0.003
TMA-ZAIN-G-343,UCBBG,0.961,0.036,0.003
TMA-ZAIN-G-344,UCBBG,0.953,0.044,0.003
TMA-ZAIN-G-345,UCBBG,0.944,0.053,0.003
NA,NA,0,0,0
TMA-ZAIN-G-347,GWL,0.983,0.014,0.003
TMA-ZAIN-G-348,GWL,0.967,0.029,0.004
TMA-ZAIN-G-349,GWL,0.99,0.007,0.003
TMA-ZAIN-G-350,GWL,0.967,0.03,0.003
TMA-ZAIN-G-351,GWL,0.979,0.017,0.003
TMA-ZAIN-G-352,GWL,0.961,0.035,0.004
TMA-ZAIN-G-353,GWL,0.984,0.011,0.005
TMA-ZAIN-G-354,GWL,0.901,0.095,0.004
TMA-ZAIN-G-355,GWL,0.974,0.022,0.004
TMA-ZAIN-G-356,GWL,0.922,0.074,0.004
TMA-ZAIN-G-357,GWL,0.959,0.036,0.005
TMA-ZAIN-G-358,GWL,0.975,0.021,0.004
TMA-ZAIN-G-359,GWL,0.919,0.077,0.004
NA,NA,0,0,0
TMA-ZAIN-G-360,HPLG,0.004,0.991,0.006
TMA-ZAIN-G-361,HPLG,0.006,0.988,0.006
TMA-ZAIN-G-362,HPLG,0.008,0.974,0.019
TMA-ZAIN-G-363,HPLG,0.012,0.983,0.005
TMA-ZAIN-G-364,HPLG,0.004,0.989,0.007
TMA-ZAIN-G-365,HPLG,0.031,0.894,0.075
TMA-ZAIN-G-366,HPLG,0.008,0.986,0.006
NA,NA,0,0,0
TMA-ZAIN-G-367,NBG,0.008,0.986,0.006
TMA-ZAIN-G-368,NBG,0.674,0.322,0.005
TMA-ZAIN-G-369,NBG,0.129,0.865,0.007
TMA-ZAIN-G-370,NBG,0.008,0.966,0.026
TMA-ZAIN-G-371,NBG,0.012,0.981,0.007
TMA-ZAIN-G-372,NBG,0.006,0.967,0.027
TMA-ZAIN-G-373,NBG,0.004,0.989,0.007
TMA-ZAIN-G-374,NBG,0.036,0.861,0.103
TMA-ZAIN-G-376,NBG,0.005,0.987,0.008
TMA-ZAIN-G-377,NBG,0.004,0.985,0.011
TMA-ZAIN-G-378,NBG,0.012,0.98,0.008
NA,NA,0,0,0
TMA-ZAIN-G-379,KWTFBG,0.093,0.9,0.008
TMA-ZAIN-G-380,KWTFBG,0.049,0.946,0.005
TMA-ZAIN-G-381,KWTFBG,0.005,0.989,0.006
TMA-ZAIN-G-382,KWTFBG,0.004,0.988,0.008
TMA-ZAIN-G-383,KWTFBG,0.004,0.989,0.007
TMA-ZAIN-G-384,KWTFBG,0.004,0.989,0.007
TMA-ZAIN-G-385,KWTFBG,0.004,0.98,0.016
TMA-ZAIN-G-386,KWTFBG,0.312,0.645,0.044
TMA-ZAIN-G-387,KWTFBG,0.935,0.059,0.006
NA,NA,0,0,0
ZFB01,ZFB,0.863,0.127,0.011
ZFB02,ZFB,0.981,0.013,0.006
ZFB03,ZFB,0.966,0.016,0.018
ZFB04,ZFB,0.981,0.014,0.006
ZFB05,ZFB,0.981,0.013,0.006
ZFB06,ZFB,0.981,0.013,0.006
ZFB07,ZFB,0.972,0.01,0.018
ZFB08,ZFB,0.973,0.011,0.016
ZFB09,ZFB,0.971,0.021,0.008
ZFB10,ZFB,0.935,0.044,0.021
ZFB11,ZFB,0.728,0.262,0.01
ZFB12,ZFB,0.907,0.081,0.012
ZFB13,ZFB,0.978,0.007,0.015
ZFB14,ZFB,0.963,0.023,0.014
ZFB15,ZFB,0.98,0.015,0.005
ZFB16,ZFB,0.985,0.008,0.007
ZFB17,ZFB,0.976,0.017,0.007
ZFB18,ZFB,0.945,0.045,0.011
ZFB19,ZFB,0.948,0.011,0.041
ZFB20,ZFB,0.976,0.018,0.006
ZFB21,ZFB,0.981,0.014,0.006
ZFB22,ZFB,0.942,0.051,0.008
ZFB23,ZFB,0.932,0.047,0.02
ZFB24,ZFB,0.828,0.162,0.01
ZFB25,ZFB,0.881,0.079,0.04
ZFB26,ZFB,0.926,0.049,0.025
ZFB27,ZFB,0.862,0.128,0.01
ZFB28,ZFB,0.966,0.022,0.012
ZFB29,ZFB,0.934,0.059,0.007
ZFB30,ZFB,0.951,0.037,0.012
ZFB31,ZFB,0.95,0.019,0.031
ZFB32,ZFB,0.946,0.023,0.031
ZFB33,ZFB,0.961,0.033,0.006
ZFB34,ZFB,0.973,0.015,0.012
ZFB35,ZFB,0.967,0.019,0.013
NA,NA,0,0,0
ZFBP101,ZFBP1,0.011,0.009,0.98
ZFBP102,ZFBP1,0.012,0.01,0.978
ZFBP103,ZFBP1,0.008,0.008,0.984
ZFBP104,ZFBP1,0.096,0.007,0.897
ZFBP105,ZFBP1,0.014,0.008,0.978
ZFBP106,ZFBP1,0.006,0.007,0.987
ZFBP107,ZFBP1,0.02,0.009,0.971
ZFBP108,ZFBP1,0.005,0.008,0.987
ZFBP109,ZFBP1,0.007,0.041,0.953
ZFBP110,ZFBP1,0.016,0.014,0.97
ZFBP111,ZFBP1,0.004,0.007,0.988
ZFBP112,ZFBP1,0.009,0.009,0.982
ZFBP113,ZFBP1,0.008,0.009,0.983
ZFBP114,ZFBP1,0.008,0.01,0.982
ZFBP115,ZFBP1,0.005,0.007,0.988
ZFBP116,ZFBP1,0.006,0.007,0.986
ZFBP117,ZFBP1,0.004,0.007,0.988
ZFBP118,ZFBP1,0.006,0.01,0.983
ZFBP119,ZFBP1,0.005,0.007,0.989
ZFBP120,ZFBP1,0.011,0.008,0.981
ZFBP121,ZFBP1,0.008,0.01,0.982
ZFBP122,ZFBP1,0.006,0.009,0.985
ZFBP123,ZFBP1,0.008,0.008,0.985
ZFBP124,ZFBP1,0.01,0.009,0.982
ZFBP125,ZFBP1,0.004,0.007,0.989
ZFBP126,ZFBP1,0.011,0.011,0.978
ZFBP127,ZFBP1,0.005,0.017,0.978
ZFBP128,ZFBP1,0.006,0.008,0.986
ZFBP129,ZFBP1,0.006,0.009,0.986
ZFBP130,ZFBP1,0.004,0.007,0.988
ZFBP131,ZFBP1,0.007,0.014,0.98
ZFBP132,ZFBP1,0.005,0.011,0.984
ZFBP133,ZFBP1,0.004,0.008,0.987
ZFBP134,ZFBP1,0.007,0.008,0.985
ZFBP135,ZFBP1,0.013,0.009,0.978
ZFBP136,ZFBP1,0.009,0.006,0.985
NA,NA,0,0,0
ZFBP201,ZFBP2,0.01,0.012,0.979
ZFBP202,ZFBP2,0.007,0.009,0.984
ZFBP203,ZFBP2,0.033,0.01,0.956
ZFBP204,ZFBP2,0.008,0.007,0.986
ZFBP205,ZFBP2,0.006,0.008,0.986
ZFBP206,ZFBP2,0.009,0.008,0.983
ZFBP207,ZFBP2,0.005,0.006,0.99
ZFBP208,ZFBP2,0.011,0.011,0.978
ZFBP209,ZFBP2,0.004,0.018,0.978
ZFBP210,ZFBP2,0.009,0.012,0.979
ZFBP211,ZFBP2,0.006,0.01,0.984
ZFBP212,ZFBP2,0.006,0.01,0.984
ZFBP213,ZFBP2,0.009,0.008,0.983
ZFBP214,ZFBP2,0.008,0.009,0.984
ZFBP215,ZFBP2,0.006,0.01,0.984
ZFBP216,ZFBP2,0.014,0.012,0.974
ZFBP217,ZFBP2,0.005,0.01,0.985
ZFBP218,ZFBP2,0.005,0.007,0.987
ZFBP219,ZFBP2,0.007,0.008,0.985
ZFBP220,ZFBP2,0.005,0.008,0.987
ZFBP221,ZFBP2,0.008,0.007,0.986
ZFBP222,ZFBP2,0.01,0.01,0.981
ZFBP223,ZFBP2,0.008,0.01,0.982
ZFBP224,ZFBP2,0.008,0.01,0.983
ZFBP225,ZFBP2,0.006,0.007,0.987
ZFBP226,ZFBP2,0.008,0.01,0.982
ZFBP227,ZFBP2,0.118,0.008,0.874
ZFBP228,ZFBP2,0.006,0.008,0.986
ZFBP229,ZFBP2,0.005,0.008,0.987
ZFBP230,ZFBP2,0.007,0.008,0.985
ZFBP231,ZFBP2,0.008,0.009,0.983
ZFBP232,ZFBP2,0.005,0.009,0.986
ZFBP233,ZFBP2,0.008,0.015,0.977
NA,NA,0,0,0
ZFCC01,ZFCC,0.53,0.021,0.449
ZFCC03,ZFCC,0.025,0.009,0.967
ZFCC04,ZFCC,0.285,0.008,0.706
ZFCC05,ZFCC,0.243,0.009,0.748
ZFCC08,ZFCC,0.009,0.006,0.985
ZFCC09,ZFCC,0.122,0.008,0.87
ZFCC10,ZFCC,0.576,0.013,0.412
ZFCC11,ZFCC,0.257,0.014,0.729
ZFCC12,ZFCC,0.53,0.011,0.459
ZFCC13,ZFCC,0.029,0.009,0.962
ZFCC14,ZFCC,0.451,0.012,0.537
ZFCC15,ZFCC,0.19,0.008,0.802
ZFCC16,ZFCC,0.368,0.01,0.622
ZFCC17,ZFCC,0.466,0.012,0.522
ZFCC18,ZFCC,0.112,0.008,0.88
ZFCC19,ZFCC,0.592,0.015,0.393
ZFCC20,ZFCC,0.086,0.009,0.904
ZFCC21,ZFCC,0.071,0.007,0.922
ZFCC22,ZFCC,0.009,0.006,0.985
ZFCC26,ZFCC,0.244,0.009,0.747
ZFCC27,ZFCC,0.204,0.015,0.78
ZFCC29,ZFCC,0.408,0.008,0.585
ZFCC30,ZFCC,0.157,0.014,0.829
ZFCC32,ZFCC,0.267,0.008,0.726
ZFCC33,ZFCC,0.462,0.008,0.53
ZFCC34,ZFCC,0.17,0.008,0.822
ZFCC35,ZFCC,0.211,0.011,0.778
ZFCC36,ZFCC,0.199,0.008,0.793
ZFCC37,ZFCC,0.535,0.009,0.456
ZFCC40,ZFCC,0.556,0.018,0.425
ZFCC42,ZFCC,0.702,0.013,0.285
ZFCC44,ZFCC,0.041,0.012,0.947
ZFCC45,ZFCC,0.572,0.014,0.414
ZFCC46,ZFCC,0.022,0.006,0.972
ZFCC47,ZFCC,0.296,0.007,0.698
ZFCC48,ZFCC,0.043,0.007,0.95
ZFCC50,ZFCC,0.359,0.012,0.629
ZFCC51,ZFCC,0.079,0.008,0.913
ZFCC52,ZFCC,0.283,0.009,0.708
ZFCC53,ZFCC,0.321,0.012,0.667
NA,NA,0,0,0
ZFCNS01,ZFCNS,0.01,0.006,0.983
ZFCNS02,ZFCNS,0.006,0.005,0.989
ZFCNS05,ZFCNS,0.007,0.006,0.987
ZFCNS06,ZFCNS,0.006,0.006,0.988
ZFCNS07,ZFCNS,0.006,0.006,0.988
ZFCNS10,ZFCNS,0.005,0.006,0.989
ZFCNS11,ZFCNS,0.007,0.006,0.987
ZFCNS15,ZFCNS,0.006,0.007,0.987
ZFCNS17,ZFCNS,0.006,0.006,0.988
ZFCNS18,ZFCNS,0.005,0.006,0.989
ZFCNS19,ZFCNS,0.006,0.006,0.988
ZFCNS20,ZFCNS,0.006,0.007,0.987
ZFCNS21,ZFCNS,0.006,0.006,0.988
ZFCNS22,ZFCNS,0.007,0.007,0.986
ZFCNS23,ZFCNS,0.008,0.006,0.986
ZFCNS24,ZFCNS,0.006,0.006,0.988
ZFCNS25,ZFCNS,0.005,0.006,0.988
ZFCNS26,ZFCNS,0.007,0.006,0.988
ZFCNS27,ZFCNS,0.006,0.006,0.987
ZFCNS28,ZFCNS,0.007,0.007,0.987
ZFCNS29,ZFCNS,0.006,0.007,0.987
ZFCNS30,ZFCNS,0.007,0.007,0.987
ZFCNS31,ZFCNS,0.006,0.006,0.987
ZFCNS32,ZFCNS,0.007,0.005,0.988
ZFCNS33,ZFCNS,0.006,0.006,0.988
ZFCNS34,ZFCNS,0.007,0.006,0.988
ZFCNS35,ZFCNS,0.008,0.007,0.985
ZFCNS36,ZFCNS,0.006,0.006,0.989
ZFCNS37,ZFCNS,0.007,0.007,0.986
ZFCNS39,ZFCNS,0.005,0.006,0.989
ZFCNS40,ZFCNS,0.005,0.006,0.989
ZFCNS41,ZFCNS,0.011,0.008,0.981
ZFCNS42,ZFCNS,0.006,0.006,0.988
ZFCNS43,ZFCNS,0.006,0.006,0.988
ZFCNS44,ZFCNS,0.005,0.006,0.989
ZFCNS45,ZFCNS,0.006,0.006,0.988
ZFCNS46,ZFCNS,0.006,0.007,0.987
ZFCNS47,ZFCNS,0.006,0.006,0.988
ZFCNS48,ZFCNS,0.006,0.006,0.988
ZFCNS49,ZFCNS,0.006,0.006,0.988
NA,NA,0,0,0
ZFCR01,ZFCR,0.898,0.048,0.053
ZFCR02,ZFCR,0.894,0.028,0.077
ZFCR03,ZFCR,0.933,0.008,0.059
ZFCR04,ZFCR,0.946,0.014,0.04
ZFCR05,ZFCR,0.976,0.009,0.014
ZFCR06,ZFCR,0.545,0.02,0.435
ZFCR07,ZFCR,0.684,0.008,0.308
ZFCR08,ZFCR,0.843,0.026,0.131
ZFCR09,ZFCR,0.845,0.013,0.142
ZFCR11,ZFCR,0.79,0.014,0.196
ZFCR12,ZFCR,0.514,0.007,0.479
ZFCR13,ZFCR,0.651,0.022,0.327
ZFCR14,ZFCR,0.896,0.015,0.089
ZFCR15,ZFCR,0.931,0.006,0.063
ZFCR16,ZFCR,0.733,0.192,0.075
ZFCR18,ZFCR,0.971,0.016,0.013
ZFCR19,ZFCR,0.761,0.012,0.227
ZFCR20,ZFCR,0.883,0.011,0.106
ZFCR21,ZFCR,0.927,0.005,0.068
ZFCR22,ZFCR,0.892,0.007,0.102
ZFCR23,ZFCR,0.891,0.046,0.062
ZFCR24,ZFCR,0.478,0.015,0.507
ZFCR25,ZFCR,0.971,0.005,0.024
ZFCR26,ZFCR,0.812,0.006,0.182
ZFCR27,ZFCR,0.984,0.01,0.007
ZFCR28,ZFCR,0.41,0.012,0.577
ZFCR29,ZFCR,0.971,0.006,0.023
ZFCR30,ZFCR,0.887,0.008,0.105
ZFCR31,ZFCR,0.673,0.016,0.311
ZFCR33,ZFCR,0.857,0.013,0.13
ZFCR34,ZFCR,0.715,0.018,0.267
ZFCR35,ZFCR,0.982,0.005,0.013
ZFCR36,ZFCR,0.948,0.014,0.038
ZFCR37,ZFCR,0.963,0.008,0.029
ZFCR38,ZFCR,0.919,0.011,0.071
ZFCR39,ZFCR,0.866,0.038,0.096
ZFCR40,ZFCR,0.936,0.012,0.053
ZFCR41,ZFCR,0.498,0.008,0.494
ZFCR42,ZFCR,0.562,0.013,0.426
ZFCR43,ZFCR,0.743,0.074,0.183
NA,NA,0,0,0
ZFENP25,ZFENP,0.95,0.023,0.026
ZFENP26,ZFENP,0.972,0.014,0.014
ZFENP27,ZFENP,0.609,0.015,0.376
ZFENP28,ZFENP,0.968,0.007,0.025
ZFENP29,ZFENP,0.977,0.005,0.018
ZFENP30,ZFENP,0.957,0.006,0.038
ZFENP31,ZFENP,0.961,0.009,0.03
ZFENP32,ZFENP,0.957,0.007,0.036
ZFENP33,ZFENP,0.976,0.005,0.019
ZFENP34,ZFENP,0.979,0.008,0.013
ZFENP35,ZFENP,0.962,0.01,0.028
ZFENP36,ZFENP,0.986,0.005,0.008
ZFENP37,ZFENP,0.976,0.006,0.017
ZFENP38,ZFENP,0.879,0.006,0.115
ZFENP39,ZFENP,0.979,0.006,0.015
ZFENP40,ZFENP,0.977,0.01,0.013
ZFENP41,ZFENP,0.963,0.009,0.029
ZFENP42,ZFENP,0.97,0.013,0.017
ZFENP43,ZFENP,0.71,0.015,0.275
ZFENP44,ZFENP,0.957,0.01,0.033
ZFENP45,ZFENP,0.397,0.009,0.594
ZFENP46,ZFENP,0.955,0.007,0.039
ZFENP47,ZFENP,0.901,0.024,0.075
ZFENP48,ZFENP,0.955,0.006,0.04
ZFENP49,ZFENP,0.911,0.005,0.085
ZFENP50,ZFENP,0.811,0.143,0.046
ZFENP51,ZFENP,0.97,0.008,0.022
ZFENP52,ZFENP,0.82,0.039,0.141
ZFENP53,ZFENP,0.83,0.072,0.097
ZFENP54,ZFENP,0.754,0.025,0.221
ZFENP55,ZFENP,0.981,0.006,0.013
ZFENP56,ZFENP,0.927,0.025,0.049
ZFENP57,ZFENP,0.978,0.007,0.015
ZFENP58,ZFENP,0.746,0.094,0.159
ZFENP59,ZFENP,0.966,0.005,0.029
ZFENP60,ZFENP,0.976,0.009,0.015
ZFENP61,ZFENP,0.984,0.005,0.011
NA,NA,0,0,0
ZFFDSP01,ZFFDSP,0.007,0.007,0.985
ZFFDSP02,ZFFDSP,0.005,0.008,0.987
ZFFDSP04,ZFFDSP,0.008,0.008,0.985
ZFFDSP05,ZFFDSP,0.008,0.008,0.984
ZFFDSP06,ZFFDSP,0.005,0.006,0.988
ZFFDSP07,ZFFDSP,0.007,0.006,0.987
ZFFDSP08,ZFFDSP,0.006,0.006,0.988
ZFFDSP10,ZFFDSP,0.006,0.007,0.987
ZFFDSP11,ZFFDSP,0.009,0.009,0.982
ZFFDSP12,ZFFDSP,0.005,0.01,0.985
ZFFDSP13,ZFFDSP,0.01,0.008,0.983
ZFFDSP14,ZFFDSP,0.006,0.007,0.987
ZFFDSP16,ZFFDSP,0.008,0.014,0.979
ZFFDSP17,ZFFDSP,0.006,0.009,0.985
ZFFDSP18,ZFFDSP,0.007,0.009,0.984
ZFFDSP19,ZFFDSP,0.006,0.008,0.986
ZFFDSP21,ZFFDSP,0.005,0.007,0.988
ZFFDSP22,ZFFDSP,0.004,0.008,0.988
ZFFDSP23,ZFFDSP,0.004,0.006,0.99
ZFFDSP24,ZFFDSP,0.006,0.007,0.987
ZFFDSP26,ZFFDSP,0.006,0.007,0.986
ZFFDSP27,ZFFDSP,0.007,0.008,0.986
ZFFDSP28,ZFFDSP,0.037,0.008,0.955
ZFFDSP30,ZFFDSP,0.014,0.008,0.978
ZFFDSP31,ZFFDSP,0.005,0.005,0.989
ZFFDSP32,ZFFDSP,0.006,0.009,0.986
ZFFDSP33,ZFFDSP,0.005,0.01,0.985
ZFFDSP34,ZFFDSP,0.005,0.006,0.989
ZFFDSP35,ZFFDSP,0.006,0.007,0.987
ZFFDSP37,ZFFDSP,0.006,0.009,0.986
ZFFDSP38,ZFFDSP,0.005,0.007,0.988
ZFFDSP39,ZFFDSP,0.005,0.007,0.988
ZFFDSP40,ZFFDSP,0.007,0.008,0.985
ZFFDSP42,ZFFDSP,0.005,0.007,0.989
ZFFDSP43,ZFFDSP,0.005,0.006,0.989
ZFFDSP44,ZFFDSP,0.007,0.008,0.985
ZFFDSP45,ZFFDSP,0.006,0.009,0.986
ZFFDSP46,ZFFDSP,0.005,0.007,0.987
ZFFDSP47,ZFFDSP,0.005,0.006,0.988
ZFFDSP48,ZFFDSP,0.006,0.007,0.988
NA,NA,0,0,0
ZFI01,ZFI,0.98,0.004,0.016
ZFI02,ZFI,0.969,0.005,0.025
ZFI03,ZFI,0.98,0.006,0.014
ZFI04,ZFI,0.985,0.005,0.011
ZFI05,ZFI,0.965,0.005,0.031
ZFI06,ZFI,0.926,0.006,0.068
ZFI07,ZFI,0.985,0.006,0.009
ZFI08,ZFI,0.987,0.004,0.009
ZFI09,ZFI,0.985,0.004,0.012
ZFI10,ZFI,0.914,0.009,0.076
ZFI11,ZFI,0.986,0.005,0.009
ZFI12,ZFI,0.968,0.005,0.027
ZFI13,ZFI,0.983,0.005,0.011
ZFI14,ZFI,0.952,0.011,0.038
ZFI15,ZFI,0.982,0.007,0.012
ZFI16,ZFI,0.983,0.005,0.011
ZFI17,ZFI,0.983,0.006,0.012
ZFI18,ZFI,0.986,0.007,0.007
ZFI19,ZFI,0.987,0.006,0.007
ZFI20,ZFI,0.979,0.004,0.017
ZFI21,ZFI,0.925,0.008,0.066
ZFI22,ZFI,0.973,0.01,0.016
ZFI23,ZFI,0.983,0.006,0.011
ZFI24,ZFI,0.972,0.005,0.023
ZFI25,ZFI,0.971,0.007,0.022
ZFI26,ZFI,0.986,0.004,0.009
ZFI27,ZFI,0.957,0.004,0.038
ZFK01,ZFI,0.34,0.007,0.653
NA,NA,0,0,0
ZFK02,ZFK,0.401,0.005,0.594
ZFK03,ZFK,0.511,0.006,0.483
ZFK04,ZFK,0.778,0.01,0.212
ZFK05,ZFK,0.852,0.017,0.131
ZFK06,ZFK,0.895,0.006,0.099
ZFK07,ZFK,0.255,0.007,0.737
ZFK08,ZFK,0.951,0.005,0.045
ZFK10,ZFK,0.689,0.008,0.303
ZFK11,ZFK,0.862,0.006,0.132
ZFK12,ZFK,0.3,0.007,0.694
ZFK13,ZFK,0.093,0.009,0.898
ZFK14,ZFK,0.082,0.008,0.909
ZFK15,ZFK,0.522,0.007,0.471
ZFK16,ZFK,0.037,0.008,0.954
NA,NA,0,0,0
ZFLB01,ZFLB,0.972,0.008,0.019
ZFLB02,ZFLB,0.982,0.01,0.008
ZFLB03,ZFLB,0.957,0.007,0.036
ZFLB04,ZFLB,0.785,0.007,0.208
ZFLB05,ZFLB,0.979,0.008,0.014
ZFLB06,ZFLB,0.972,0.007,0.02
ZFLB07,ZFLB,0.813,0.005,0.182
ZFLB08,ZFLB,0.987,0.006,0.007
ZFLB09,ZFLB,0.982,0.007,0.011
ZFLB10,ZFLB,0.979,0.007,0.014
ZFLB11,ZFLB,0.965,0.011,0.024
ZFLB12,ZFLB,0.988,0.005,0.006
ZFLB13,ZFLB,0.975,0.006,0.019
NA,NA,0,0,0
ZFLTI01,ZFLTI,0.005,0.007,0.988
ZFLTI02,ZFLTI,0.005,0.006,0.989
ZFLTI03,ZFLTI,0.005,0.006,0.989
ZFLTI04,ZFLTI,0.009,0.007,0.984
ZFLTI05,ZFLTI,0.005,0.006,0.989
ZFLTI06,ZFLTI,0.006,0.008,0.986
ZFLTI07,ZFLTI,0.007,0.008,0.985
ZFLTI08,ZFLTI,0.007,0.007,0.985
ZFLTI09,ZFLTI,0.007,0.007,0.985
ZFLTI10,ZFLTI,0.006,0.007,0.987
ZFLTI11,ZFLTI,0.005,0.007,0.988
ZFLTI12,ZFLTI,0.005,0.007,0.988
ZFLTI13,ZFLTI,0.006,0.007,0.988
ZFLTI14,ZFLTI,0.006,0.006,0.989
NA,NA,0,0,0
ZFONF101,ZFONF1,0.005,0.008,0.987
ZFONF102,ZFONF1,0.009,0.007,0.984
ZFONF103,ZFONF1,0.006,0.007,0.987
ZFONF104,ZFONF1,0.004,0.007,0.99
ZFONF105,ZFONF1,0.004,0.007,0.989
ZFONF106,ZFONF1,0.005,0.006,0.988
ZFONF107,ZFONF1,0.06,0.01,0.93
ZFONF108,ZFONF1,0.008,0.009,0.983
ZFONF109,ZFONF1,0.008,0.005,0.987
ZFONF110,ZFONF1,0.003,0.007,0.989
ZFONF111,ZFONF1,0.025,0.007,0.968
ZFONF112,ZFONF1,0.005,0.006,0.989
ZFONF113,ZFONF1,0.006,0.007,0.986
ZFONF115,ZFONF1,0.005,0.007,0.987
ZFONF116,ZFONF1,0.006,0.009,0.985
ZFONF117,ZFONF1,0.006,0.007,0.987
ZFONF118,ZFONF1,0.006,0.005,0.99
ZFONF119,ZFONF1,0.008,0.006,0.985
ZFONF120,ZFONF1,0.007,0.006,0.987
ZFONF121,ZFONF1,0.005,0.008,0.986
ZFONF122,ZFONF1,0.008,0.006,0.985
ZFONF123,ZFONF1,0.02,0.012,0.968
ZFONF124,ZFONF1,0.005,0.007,0.987
ZFONF125,ZFONF1,0.021,0.011,0.968
ZFONF126,ZFONF1,0.005,0.007,0.988
NA,NA,0,0,0
ZFONF201,ZFONF2,0.028,0.009,0.962
ZFONF202,ZFONF2,0.004,0.006,0.989
ZFONF203,ZFONF2,0.009,0.005,0.986
ZFONF204,ZFONF2,0.012,0.007,0.981
ZFONF206,ZFONF2,0.06,0.007,0.933
ZFONF207,ZFONF2,0.009,0.006,0.985
ZFONF208,ZFONF2,0.008,0.006,0.986
ZFONF209,ZFONF2,0.007,0.006,0.987
ZFONF210,ZFONF2,0.004,0.108,0.888
ZFONF211,ZFONF2,0.006,0.006,0.989
ZFONF212,ZFONF2,0.004,0.099,0.897
ZFONF214,ZFONF2,0.005,0.007,0.987
ZFONF215,ZFONF2,0.004,0.006,0.99
ZFONF216,ZFONF2,0.004,0.005,0.991
ZFONF217,ZFONF2,0.005,0.007,0.989
ZFONF218,ZFONF2,0.019,0.007,0.974
ZFONF219,ZFONF2,0.004,0.005,0.991
ZFONF220,ZFONF2,0.005,0.008,0.987
ZFONF222,ZFONF2,0.013,0.006,0.981
ZFONF223,ZFONF2,0.016,0.007,0.977
ZFONF224,ZFONF2,0.005,0.005,0.99
ZFONF225,ZFONF2,0.004,0.006,0.991
ZFONF226,ZFONF2,0.005,0.005,0.99
ZFONF227,ZFONF2,0.003,0.005,0.992
ZFONF228,ZFONF2,0.004,0.005,0.991
ZFONF230,ZFONF2,0.004,0.007,0.989
ZFONF231,ZFONF2,0.005,0.006,0.989
ZFONF232,ZFONF2,0.004,0.005,0.991
ZFONF233,ZFONF2,0.006,0.005,0.989
ZFONF234,ZFONF2,0.025,0.013,0.963
ZFONF235,ZFONF2,0.004,0.006,0.99
ZFONF236,ZFONF2,0.009,0.007,0.984
ZFONF238,ZFONF2,0.006,0.007,0.987
ZFONF239,ZFONF2,0.01,0.006,0.983
ZFONF240,ZFONF2,0.004,0.006,0.991
ZFONF241,ZFONF2,0.01,0.005,0.985
ZFONF242,ZFONF2,0.005,0.006,0.989
ZFONF243,ZFONF2,0.005,0.005,0.99
ZFONF244,ZFONF2,0.004,0.005,0.991
ZFONF245,ZFONF2,0.004,0.005,0.991
NA,NA,0,0,0
ZFOS01,ZFO,0.033,0.007,0.96
ZFOS02,ZFO,0.191,0.039,0.769
ZFOS03,ZFO,0.528,0.052,0.42
ZFOS04,ZFO,0.205,0.013,0.782
ZFOS05,ZFO,0.049,0.008,0.943
ZFOS06,ZFO,0.023,0.01,0.967
ZFOS07,ZFO,0.468,0.009,0.523
ZFOS08,ZFO,0.355,0.007,0.637
ZFOS09,ZFO,0.119,0.121,0.76
ZFOS10,ZFO,0.446,0.105,0.449
ZFOS11,ZFO,0.117,0.007,0.876
ZFOS12,ZFO,0.535,0.008,0.457
ZFOS13,ZFO,0.088,0.01,0.902
ZFOS14,ZFO,0.26,0.115,0.625
ZFOS15,ZFO,0.371,0.01,0.62
ZFOS16,ZFO,0.085,0.099,0.815
ZFOS17,ZFO,0.24,0.042,0.718
ZFOS18,ZFO,0.159,0.096,0.745
ZFOS19,ZFO,0.284,0.008,0.708
ZFOS20,ZFO,0.248,0.046,0.707
ZFOS21,ZFO,0.164,0.008,0.828
ZFOS22,ZFO,0.017,0.009,0.974
ZFOS23,ZFO,0.556,0.28,0.165
ZFOS24,ZFO,0.123,0.011,0.866
ZFOS25,ZFO,0.012,0.008,0.98
ZFOS26,ZFO,0.013,0.009,0.978
ZFOS27,ZFO,0.039,0.011,0.951
ZFOS28,ZFO,0.352,0.035,0.614
ZFOS29,ZFO,0.284,0.036,0.68
ZFOS30,ZFO,0.193,0.007,0.8
ZFOS31,ZFO,0.19,0.039,0.771
ZFOS32,ZFO,0.075,0.121,0.804
NA,NA,0,0,0
ZFPB01,ZFBP,0.983,0.01,0.007
ZFPB02,ZFBP,0.947,0.033,0.02
ZFPB03,ZFBP,0.942,0.022,0.036
ZFPB04,ZFBP,0.971,0.017,0.012
ZFPB05,ZFBP,0.971,0.017,0.013
ZFPB06,ZFBP,0.982,0.01,0.008
ZFPB07,ZFBP,0.95,0.032,0.018
ZFPB08,ZFBP,0.957,0.026,0.017
ZFPB10,ZFBP,0.981,0.009,0.01
ZFPB11,ZFBP,0.979,0.012,0.009
ZFPB12,ZFBP,0.978,0.013,0.009
ZFPB13,ZFBP,0.961,0.026,0.014
ZFPB14,ZFBP,0.948,0.031,0.02
ZFPB15,ZFBP,0.932,0.043,0.025
ZFPB17,ZFBP,0.985,0.008,0.007
ZFPB18,ZFBP,0.971,0.017,0.013
ZFPB19,ZFBP,0.97,0.019,0.011
ZFPB20,ZFBP,0.985,0.009,0.006
ZFPB21,ZFBP,0.958,0.026,0.016
ZFPB22,ZFBP,0.988,0.007,0.005
ZFPB23,ZFBP,0.975,0.015,0.01
NA,NA,0,0,0
ZFSF01,ZFSF,0.981,0.011,0.008
ZFSF02,ZFSF,0.903,0.022,0.075
ZFSF03,ZFSF,0.984,0.007,0.009
ZFSF04,ZFSF,0.974,0.007,0.019
NA,NA,0,0,0
ZFSW101,ZFSW1,0.856,0.013,0.132
ZFSW102,ZFSW1,0.976,0.005,0.019
ZFSW103,ZFSW1,0.916,0.015,0.069
ZFSW104,ZFSW1,0.975,0.009,0.016
ZFSW105,ZFSW1,0.856,0.023,0.121
ZFSW106,ZFSW1,0.928,0.01,0.062
ZFSW107,ZFSW1,0.98,0.006,0.014
ZFSW108,ZFSW1,0.987,0.006,0.007
ZFSW109,ZFSW1,0.959,0.02,0.02
ZFSW110,ZFSW1,0.93,0.013,0.057
ZFSW111,ZFSW1,0.673,0.018,0.309
ZFSW112,ZFSW1,0.822,0.011,0.166
ZFSW113,ZFSW1,0.897,0.009,0.094
ZFSW114,ZFSW1,0.961,0.009,0.03
ZFSW115,ZFSW1,0.974,0.004,0.022
ZFSW116,ZFSW1,0.949,0.006,0.045
ZFSW117,ZFSW1,0.919,0.007,0.073
ZFSW119,ZFSW1,0.986,0.006,0.008
ZFSW120,ZFSW1,0.988,0.008,0.004
ZFSW121,ZFSW1,0.969,0.008,0.023
ZFSW122,ZFSW1,0.963,0.013,0.024
ZFSW123,ZFSW1,0.985,0.006,0.009
ZFSW124,ZFSW1,0.981,0.008,0.011
NA,NA,0,0,0
ZFSW201,ZFSW2,0.987,0.006,0.007
ZFSW202,ZFSW2,0.983,0.006,0.011
ZFSW203,ZFSW2,0.985,0.007,0.009
ZFSW204,ZFSW2,0.982,0.007,0.012
ZFSW205,ZFSW2,0.978,0.008,0.014
ZFSW206,ZFSW2,0.98,0.007,0.013
ZFSW207,ZFSW2,0.963,0.009,0.028
ZFSW208,ZFSW2,0.98,0.005,0.015
ZFSW209,ZFSW2,0.98,0.007,0.012
ZFSW210,ZFSW2,0.92,0.011,0.069
ZFSW211,ZFSW2,0.969,0.007,0.024
ZFSW212,ZFSW2,0.973,0.006,0.021
ZFSW213,ZFSW2,0.975,0.006,0.019
ZFSW214,ZFSW2,0.967,0.006,0.026
ZFSW215,ZFSW2,0.981,0.007,0.013
ZFSW216,ZFSW2,0.971,0.006,0.023
ZFSW217,ZFSW2,0.978,0.009,0.013
ZFSW218,ZFSW2,0.975,0.005,0.02
ZFSW219,ZFSW2,0.972,0.006,0.022
ZFSW220,ZFSW2,0.98,0.008,0.012
ZFSW221,ZFSW2,0.974,0.007,0.019
ZFSW222,ZFSW2,0.985,0.008,0.007
ZFSW223,ZFSW2,0.982,0.006,0.011
ZFSW224,ZFSW2,0.973,0.007,0.02
ZFSW225,ZFSW2,0.98,0.005,0.015
ZFSW226,ZFSW2,0.973,0.009,0.018
ZFSW227,ZFSW2,0.98,0.007,0.013
ZFSW229,ZFSW2,0.98,0.007,0.013
ZFSW230,ZFSW2,0.953,0.007,0.041
ZFSW231,ZFSW2,0.979,0.009,0.012
ZFSW232,ZFSW2,0.982,0.007,0.011
ZFSW233,ZFSW2,0.974,0.012,0.015
ZFSW234,ZFSW2,0.985,0.005,0.01
ZFSW235,ZFSW2,0.976,0.005,0.018
ZFSW236,ZFSW2,0.975,0.005,0.02
ZFSW237,ZFSW2,0.978,0.006,0.016
ZFSW238,ZFSW2,0.975,0.005,0.02
ZFSW239,ZFSW2,0.977,0.007,0.016
ZFSW240,ZFSW2,0.985,0.008,0.007
NA,NA,0,0,0
ZFTS01,ZFTS,0.988,0.006,0.006
ZFTS02,ZFTS,0.982,0.004,0.014
ZFTS03,ZFTS,0.987,0.004,0.009
ZFTS04,ZFTS,0.989,0.005,0.006
ZFTS05,ZFTS,0.987,0.003,0.009
ZFTS07,ZFTS,0.989,0.005,0.006
ZFTS08,ZFTS,0.991,0.004,0.005
ZFTS09,ZFTS,0.991,0.005,0.004
ZFTS10,ZFTS,0.99,0.004,0.007
ZFTS11,ZFTS,0.989,0.005,0.006
ZFTS12,ZFTS,0.989,0.004,0.007
ZFTS14,ZFTS,0.989,0.004,0.007
ZFTS15,ZFTS,0.987,0.005,0.008
ZFTS16,ZFTS,0.982,0.006,0.012
ZFTS17,ZFTS,0.982,0.01,0.008
ZFTS18,ZFTS,0.99,0.004,0.006
ZFTS19,ZFTS,0.986,0.009,0.005
ZFTS20,ZFTS,0.988,0.005,0.007
ZFTS21,ZFTS,0.99,0.005,0.006
ZFTS22,ZFTS,0.991,0.004,0.005
ZFTS23,ZFTS,0.987,0.004,0.009
ZFTS24,ZFTS,0.99,0.004,0.006
ZFTS25,ZFTS,0.986,0.005,0.009
ZFTS26,ZFTS,0.989,0.006,0.005
ZFTS27,ZFTS,0.984,0.008,0.009
ZFTS28,ZFTS,0.971,0.008,0.021
ZFTS29,ZFTS,0.991,0.005,0.004
ZFTS30,ZFTS,0.99,0.004,0.005
ZFTS31,ZFTS,0.987,0.004,0.009
ZFTS32,ZFTS,0.989,0.004,0.007
ZFTS33,ZFTS,0.984,0.005,0.011
ZFTS34,ZFTS,0.983,0.007,0.01
ZFTS35,ZFTS,0.988,0.003,0.009
ZFTS36,ZFTS,0.989,0.004,0.008
ZFTS37,ZFTS,0.987,0.005,0.009
ZFTS38,ZFTS,0.987,0.006,0.007
ZFTS39,ZFTS,0.986,0.006,0.008
ZFTS40,ZFTS,0.968,0.004,0.027
NA,NA,0,0,0
ZFTSP101,ZFTSP1,0.005,0.007,0.988
ZFTSP102,ZFTSP1,0.008,0.007,0.986
ZFTSP103,ZFTSP1,0.006,0.006,0.988
ZFTSP104,ZFTSP1,0.005,0.008,0.988
ZFTSP105,ZFTSP1,0.005,0.006,0.989
ZFTSP106,ZFTSP1,0.006,0.009,0.984
ZFTSP107,ZFTSP1,0.006,0.006,0.988
ZFTSP108,ZFTSP1,0.006,0.007,0.987
ZFTSP109,ZFTSP1,0.007,0.009,0.985
ZFTSP110,ZFTSP1,0.006,0.009,0.985
ZFTSP111,ZFTSP1,0.005,0.006,0.989
ZFTSP112,ZFTSP1,0.008,0.007,0.986
ZFTSP113,ZFTSP1,0.008,0.008,0.985
ZFTSP114,ZFTSP1,0.005,0.006,0.989
ZFTSP115,ZFTSP1,0.005,0.006,0.989
ZFTSP116,ZFTSP1,0.006,0.007,0.988
ZFTSP117,ZFTSP1,0.006,0.007,0.986
ZFTSP118,ZFTSP1,0.006,0.007,0.987
ZFTSP119,ZFTSP1,0.071,0.007,0.922
ZFTSP120,ZFTSP1,0.007,0.007,0.986
ZFTSP121,ZFTSP1,0.024,0.008,0.968
ZFTSP122,ZFTSP1,0.004,0.006,0.99
ZFTSP123,ZFTSP1,0.006,0.007,0.988
ZFTSP124,ZFTSP1,0.005,0.006,0.989
ZFTSP125,ZFTSP1,0.005,0.007,0.989
ZFTSP126,ZFTSP1,0.007,0.007,0.986
ZFTSP127,ZFTSP1,0.005,0.007,0.989
ZFTSP128,ZFTSP1,0.005,0.006,0.989
ZFTSP129,ZFTSP1,0.005,0.006,0.989
ZFTSP130,ZFTSP1,0.005,0.006,0.989
ZFTSP131,ZFTSP1,0.004,0.006,0.99
ZFTSP132,ZFTSP1,0.007,0.009,0.985
ZFTSP133,ZFTSP1,0.004,0.006,0.99
ZFTSP134,ZFTSP1,0.004,0.006,0.989
ZFTSP135,ZFTSP1,0.005,0.007,0.989
ZFTSP136,ZFTSP1,0.005,0.007,0.988
ZFTSP137,ZFTSP1,0.024,0.008,0.967
ZFTSP138,ZFTSP1,0.006,0.006,0.987
ZFTSP139,ZFTSP1,0.004,0.005,0.991
ZFTSP140,ZFTSP1,0.009,0.007,0.985
ZFTSP141,ZFTSP1,0.007,0.006,0.987
ZFTSP142,ZFTSP1,0.006,0.007,0.987
ZFTSP143,ZFTSP1,0.005,0.006,0.988
ZFTSP144,ZFTSP1,0.009,0.007,0.984
ZFTSP145,ZFTSP1,0.005,0.005,0.99
NA,NA,0,0,0
ZFTSP201,ZFTSP2,0.007,0.009,0.984
ZFTSP202,ZFTSP2,0.011,0.007,0.981
ZFTSP203,ZFTSP2,0.006,0.011,0.983
ZFTSP204,ZFTSP2,0.007,0.007,0.986
ZFTSP205,ZFTSP2,0.009,0.011,0.98
ZFTSP206,ZFTSP2,0.008,0.008,0.984
ZFTSP207,ZFTSP2,0.007,0.011,0.981
ZFTSP208,ZFTSP2,0.009,0.008,0.983
ZFTSP209,ZFTSP2,0.005,0.006,0.989
ZFTSP210,ZFTSP2,0.006,0.01,0.985
ZFTSP211,ZFTSP2,0.011,0.008,0.981
ZFTSP212,ZFTSP2,0.004,0.006,0.99
ZFTSP213,ZFTSP2,0.007,0.008,0.985
ZFTSP214,ZFTSP2,0.006,0.006,0.988
ZFTSP215,ZFTSP2,0.005,0.008,0.987
ZFTSP216,ZFTSP2,0.048,0.009,0.943
ZFTSP217,ZFTSP2,0.006,0.011,0.983
ZFTSP218,ZFTSP2,0.007,0.008,0.985
ZFTSP219,ZFTSP2,0.008,0.006,0.985
ZFTSP220,ZFTSP2,0.019,0.01,0.971
ZFTSP221,ZFTSP2,0.006,0.01,0.984
ZFTSP222,ZFTSP2,0.044,0.013,0.943
ZFTSP223,ZFTSP2,0.005,0.006,0.989
ZFTSP224,ZFTSP2,0.005,0.006,0.989
ZFTSP225,ZFTSP2,0.005,0.007,0.988
ZFTSP226,ZFTSP2,0.005,0.006,0.988
ZFTSP227,ZFTSP2,0.011,0.012,0.978
ZFTSP228,ZFTSP2,0.009,0.008,0.982
NA,NA,0,0,0
ZFW01,ZFW,0.964,0.02,0.017
ZFW02,ZFW,0.962,0.026,0.012
ZFW03,ZFW,0.972,0.01,0.018
ZFW04,ZFW,0.979,0.013,0.007
ZFW05,ZFW,0.971,0.008,0.021
ZFW06,ZFW,0.934,0.059,0.008
NA,NA,0,0,0
ZFWB01,ZFWB,0.532,0.006,0.463
ZFWB02,ZFWB,0.963,0.006,0.031
ZFWB03,ZFWB,0.721,0.019,0.26
ZFWB05,ZFWB,0.842,0.018,0.139
ZFWB06,ZFWB,0.733,0.005,0.262
ZFWB07,ZFWB,0.792,0.007,0.202
ZFWB10,ZFWB,0.735,0.027,0.238
ZFWB11,ZFWB,0.852,0.006,0.141
ZFWB12,ZFWB,0.542,0.016,0.442
ZFWB13,ZFWB,0.491,0.011,0.498
ZFWB14,ZFWB,0.484,0.006,0.51
ZFWB15,ZFWB,0.819,0.007,0.173
ZFWB18,ZFWB,0.517,0.007,0.476
ZFWB19,ZFWB,0.953,0.006,0.041
ZFWB20,ZFWB,0.853,0.013,0.134
ZFWB21,ZFWB,0.771,0.018,0.211
ZFWB22,ZFWB,0.703,0.01,0.287
ZFWB23,ZFWB,0.199,0.006,0.795
ZFWB24,ZFWB,0.477,0.027,0.496
ZFWB25,ZFWB,0.87,0.01,0.119
ZFWB26,ZFWB,0.926,0.009,0.065
ZFWB27,ZFWB,0.903,0.006,0.091
ZFWB29,ZFWB,0.923,0.009,0.068
ZFWB30,ZFWB,0.722,0.005,0.273
ZFWB31,ZFWB,0.492,0.007,0.501
ZFWB32,ZFWB,0.94,0.012,0.047
ZFWB35,ZFWB,0.695,0.009,0.296
ZFWB36,ZFWB,0.907,0.008,0.085
ZFWB37,ZFWB,0.794,0.008,0.198
ZFWB38,ZFWB,0.909,0.008,0.083
ZFWB39,ZFWB,0.611,0.007,0.382
ZFWB40,ZFWB,0.616,0.006,0.378
ZFWB41,ZFWB,0.687,0.006,0.307
ZFWB42,ZFWB,0.595,0.007,0.399
ZFWB43,ZFWB,0.886,0.009,0.104
ZFWB44,ZFWB,0.978,0.006,0.015
ZFWB46,ZFWB,0.858,0.006,0.136
ZFWB47,ZFWB,0.911,0.008,0.081
ZFWB48,ZFWB,0.486,0.006,0.508
ZFWB49,ZFWB,0.351,0.012,0.637
NA,NA,0,0,0
ZCF01,ZCF,0.975,0.004,0.021
ZCF02,ZCF,0.981,0.01,0.009
ZCF03,ZCF,0.965,0.009,0.025
ZCF04,ZCF,0.939,0.031,0.03
ZCF05,ZCF,0.988,0.004,0.008
ZCF06,ZCF,0.673,0.062,0.264
ZCF07,ZCF,0.977,0.005,0.018
ZCF08,ZCF,0.931,0.031,0.038
ZCF09,ZCF,0.35,0.015,0.635
ZCF10,ZCF,0.864,0.008,0.128
ZCF11,ZCF,0.965,0.009,0.026
ZCF12,ZCF,0.984,0.006,0.01
ZCF13,ZCF,0.925,0.026,0.049
ZCF14,ZCF,0.904,0.009,0.087
ZCF15,ZCF,0.96,0.008,0.032
ZCF16,ZCF,0.958,0.013,0.029
ZCF17,ZCF,0.979,0.005,0.016
ZCF18,ZCF,0.928,0.026,0.047
ZCF19,ZCF,0.98,0.008,0.012
ZCF20,ZCF,0.966,0.009,0.025
ZCF21,ZCF,0.932,0.033,0.035
ZCF22,ZCF,0.928,0.028,0.044
ZCF23,ZCF,0.965,0.007,0.028
ZCF24,ZCF,0.565,0.008,0.427
ZCF25,ZCF,0.821,0.022,0.157
ZCF26,ZCF,0.759,0.117,0.124
ZCF27,ZCF,0.973,0.007,0.02
ZCF28,ZCF,0.986,0.005,0.009
ZCF29,ZCF,0.934,0.011,0.056
ZCF30,ZCF,0.973,0.006,0.021
ZCF31,ZCF,0.958,0.006,0.036
ZCF32,ZCF,0.945,0.029,0.026
ZCF33,ZCF,0.987,0.004,0.01
ZCF34,ZCF,0.383,0.018,0.599
ZCF35,ZCF,0.885,0.06,0.055
ZCF36,ZCF,0.946,0.004,0.05
ZCF37,ZCF,0.965,0.012,0.023
ZCF38,ZCF,0.875,0.026,0.098
ZCF39,ZCF,0.071,0.013,0.916
ZCF40,ZCF,0.702,0.022,0.276
ZCF41,ZCF,0.978,0.004,0.018
ZCF42,ZCF,0.801,0.02,0.179
