Sample.Name,Pop,Pop_Type,Variety
TMA-ZAIN-G-1,MBC,Garden,Garden
TMA-ZAIN-G-2,MBC,Garden,Garden
TMA-ZAIN-G-3,MBC,Garden,Garden
TMA-ZAIN-G-4,MBC,Garden,Garden
TMA-ZAIN-G-5,MBC,Garden,Garden
TMA-ZAIN-G-6,MBC,Garden,Garden
TMA-ZAIN-G-7,MBC,Garden,Garden
TMA-ZAIN-G-8,MBC,Garden,Garden
TMA-ZAIN-G-9,MBC,Garden,Garden
TMA-ZAIN-G-10,MBC,Garden,Garden
TMA-ZAIN-G-11,MBC,Garden,Garden
TMA-ZAIN-G-12,MBC,Garden,Garden
TMA-ZAIN-G-13,MBC,Garden,Garden
TMA-ZAIN-G-14,MBC,Garden,Garden
TMA-ZAIN-G-15,MBC,Garden,Garden
TMA-ZAIN-G-16,MBC,Garden,Garden
TMA-ZAIN-G-17,MBC,Garden,Garden
TMA-ZAIN-G-18,MBC,Garden,Garden
TMA-ZAIN-G-19,MBC,Garden,Garden
TMA-ZAIN-G-20,MBC,Garden,Garden
TMA-ZAIN-G-21,MBC,Garden,Garden
TMA-ZAIN-G-22,MBC,Garden,Garden
TMA-ZAIN-G-23,MBC,Garden,Garden
TMA-ZAIN-G-24,MBC,Garden,Garden
TMA-ZAIN-G-25,MBC,Garden,Garden
TMA-ZAIN-G-26,MBC,Garden,Garden
TMA-ZAIN-G-27,MBC,Garden,Garden
TMA-ZAIN-G-28,MBC,Garden,Garden
TMA-ZAIN-G-29,MBC,Garden,Garden
TMA-ZAIN-G-30,MBC,Garden,Garden
TMA-ZAIN-G-31,MBC,Garden,Garden
TMA-ZAIN-G-32,MBC,Garden,Garden
TMA-ZAIN-G-33,MBC,Garden,Garden
TMA-ZAIN-G-34,MBC,Garden,Garden
TMA-ZAIN-G-35,MBC,Garden,Garden
TMA-ZAIN-G-36,MBC,Garden,Garden
TMA-ZAIN-G-37,MBC,Garden,Garden
TMA-ZAIN-G-38,MBC,Garden,Garden
TMA-ZAIN-G-39,MBC,Garden,Garden
TMA-ZAIN-G-40,MBC,Garden,Garden
TMA-ZAIN-G-41,MBC,Garden,Garden
TMA-ZAIN-G-42,MBC,Garden,Garden
TMA-ZAIN-G-43,MBC,Garden,Garden
TMA-ZAIN-G-44,MBC,Garden,Garden
TMA-ZAIN-G-45,MBC,Garden,Garden
TMA-ZAIN-G-46,MBC,Garden,Garden
TMA-ZAIN-G-47,MBC,Garden,Garden
TMA-ZAIN-G-48,MBC,Garden,Garden
TMA-ZAIN-G-49,MBC,Garden,Garden
TMA-ZAIN-G-50,MBC,Garden,Garden
TMA-ZAIN-G-51,MBC,Garden,Garden
TMA-ZAIN-G-52,MBC,Garden,Garden
TMA-ZAIN-G-53,MBC,Garden,Garden
TMA-ZAIN-G-54,MBC,Garden,Garden
TMA-ZAIN-G-55,MBC,Garden,Garden
TMA-ZAIN-G-56,MBC,Garden,Garden
TMA-ZAIN-G-57,MBC,Garden,Garden
TMA-ZAIN-G-58,MBC,Garden,Garden
TMA-ZAIN-G-59,MBC,Garden,Garden
TMA-ZAIN-G-60,MBC,Garden,Garden
TMA-ZAIN-G-61,MBC,Garden,Garden
TMA-ZAIN-G-62,MBC,Garden,Garden
TMA-ZAIN-G-63,MBC,Garden,Garden
TMA-ZAIN-G-64,MBC,Garden,Garden
TMA-ZAIN-G-65,MBC,Garden,Garden
TMA-ZAIN-G-66,MBC,Garden,Garden
TMA-ZAIN-G-67,MBC,Garden,Garden
TMA-ZAIN-G-68,MBC,Garden,Garden
TMA-ZAIN-G-69,MBC,Garden,Garden
TMA-ZAIN-G-70,MBC,Garden,Garden
TMA-ZAIN-G-71,MBC,Garden,Garden
TMA-ZAIN-G-72,MBC,Garden,Garden
TMA-ZAIN-G-73,MBC,Garden,Garden
TMA-ZAIN-G-74,MBC,Garden,Garden
TMA-ZAIN-G-75,MBC,Garden,Garden
TMA-ZAIN-G-76,MBC,Garden,Garden
TMA-ZAIN-G-77,MBC,Garden,Garden
TMA-ZAIN-G-78,MBC,Garden,Garden
TMA-ZAIN-G-79,MBC,Garden,Garden
TMA-ZAIN-G-80,MBC,Garden,Garden
TMA-ZAIN-G-81,MBC,Garden,Garden
TMA-ZAIN-G-82,MBC,Garden,Garden
TMA-ZAIN-G-83,MBC,Garden,Garden
TMA-ZAIN-G-84,MBC,Garden,Garden
TMA-ZAIN-G-85,MBC,Garden,Garden
TMA-ZAIN-G-86,MBC,Garden,Garden
TMA-ZAIN-G-87,MBC,Garden,Garden
TMA-ZAIN-G-88,MBC,Garden,Garden
TMA-ZAIN-G-89,MBC,Garden,Garden
TMA-ZAIN-G-90,MBC,Garden,Garden
TMA-ZAIN-G-91,MBC,Garden,Garden
TMA-ZAIN-G-92,MBC,Garden,Garden
TMA-ZAIN-G-93,MBC,Garden,Garden
TMA-ZAIN-G-94,MBC,Garden,Garden
TMA-ZAIN-G-95,MBC,Garden,Garden
TMA-ZAIN-G-96,MBC,Garden,Garden
TMA-ZAIN-G-97,MBC,Garden,Garden
TMA-ZAIN-G-98,MBC,Garden,Garden
TMA-ZAIN-G-99,MBC,Garden,Garden
TMA-ZAIN-G-101,MBC,Garden,Garden
TMA-ZAIN-G-102,MBC,Garden,Garden
TMA-ZAIN-G-103,MBC,Garden,Garden
TMA-ZAIN-G-104,MBC,Garden,Garden
TMA-ZAIN-G-105,MBC,Garden,Garden
TMA-ZAIN-G-106,MBC,Garden,Garden
TMA-ZAIN-G-107,MBC,Garden,Garden
TMA-ZAIN-G-108,MBC,Garden,Garden
TMA-ZAIN-G-109,MBC,Garden,Garden
TMA-ZAIN-G-110,MBC,Garden,Garden
TMA-ZAIN-G-111,MBC,Garden,Garden
TMA-ZAIN-G-112,MBC,Garden,Garden
TMA-ZAIN-G-113,MBC,Garden,Garden
TMA-ZAIN-G-114,MBC,Garden,Garden
TMA-ZAIN-G-115,MBC,Garden,Garden
TMA-ZAIN-G-116,MBC,Garden,Garden
TMA-ZAIN-G-117,MBC,Garden,Garden
TMA-ZAIN-G-118,MBC,Garden,Garden
TMA-ZAIN-G-119,MBC,Garden,Garden
TMA-ZAIN-G-120,MBC,Garden,Garden
TMA-ZAIN-G-121,MBC,Garden,Garden
TMA-ZAIN-G-122,MBC,Garden,Garden
TMA-ZAIN-G-123,MBC,Garden,Garden
TMA-ZAIN-G-124,MBC,Garden,Garden
TMA-ZAIN-G-125,MBC,Garden,Garden
TMA-ZAIN-G-126,MBC,Garden,Garden
TMA-ZAIN-G-127,MBC,Garden,Garden
TMA-ZAIN-G-128,MBC,Garden,Garden
TMA-ZAIN-G-129,MBC,Garden,Garden
TMA-ZAIN-G-130,MBC,Garden,Garden
TMA-ZAIN-G-131,MBC,Garden,Garden
TMA-ZAIN-G-132,MBC,Garden,Garden
TMA-ZAIN-G-133,MBC,Garden,Garden
TMA-ZAIN-G-134,MBC,Garden,Garden
TMA-ZAIN-G-135,MBC,Garden,Garden
TMA-ZAIN-G-136,MBC,Garden,Garden
TMA-ZAIN-G-137,MBC,Garden,Garden
TMA-ZAIN-G-138,MBC,Garden,Garden
TMA-ZAIN-G-139,MBC,Garden,Garden
TMA-ZAIN-G-140,MBC,Garden,Garden
TMA-ZAIN-G-141,MBC,Garden,Garden
TMA-ZAIN-G-142,MBC,Garden,Garden
TMA-ZAIN-G-143,MBC,Garden,Garden
TMA-ZAIN-G-144,MBC,Garden,Garden
TMA-ZAIN-G-145,MBC,Garden,Garden
TMA-ZAIN-G-146,MBC,Garden,Garden
TMA-ZAIN-G-147,MBC,Garden,Garden
TMA-ZAIN-G-148,MBC,Garden,Garden
TMA-ZAIN-G-149,MBC,Garden,Garden
TMA-ZAIN-G-150,MBC,Garden,Garden
TMA-ZAIN-G-151,MBC,Garden,Garden
TMA-ZAIN-G-152,MBC,Garden,Garden
TMA-ZAIN-G-153,MBC,Garden,Garden
TMA-ZAIN-G-154,MBC,Garden,Garden
TMA-ZAIN-G-155,MBC,Garden,Garden
TMA-ZAIN-G-156,MBC,Garden,Garden
TMA-ZAIN-G-157,MBC,Garden,Garden
TMA-ZAIN-G-158,MBC,Garden,Garden
TMA-ZAIN-G-159,MBC,Garden,Garden
TMA-ZAIN-G-160,MBC,Garden,Garden
TMA-ZAIN-G-161,MBC,Garden,Garden
TMA-ZAIN-G-162,MBC,Garden,Garden
TMA-ZAIN-G-163,MBC,Garden,Garden
TMA-ZAIN-G-164,MBC,Garden,Garden
TMA-ZAIN-G-165,MBC,Garden,Garden
TMA-ZAIN-G-166,MBC,Garden,Garden
TMA-ZAIN-G-167,MBC,Garden,Garden
TMA-ZAIN-G-168,MBC,Garden,Garden
TMA-ZAIN-G-169,MBC,Garden,Garden
TMA-ZAIN-G-170,MBC,Garden,Garden
TMA-ZAIN-G-171,MBC,Garden,Garden
TMA-ZAIN-G-172,MBC,Garden,Garden
TMA-ZAIN-G-173,MBC,Garden,Garden
TMA-ZAIN-G-174,MBC,Garden,Garden
TMA-ZAIN-G-175,MBC,Garden,Garden
TMA-ZAIN-G-176,MBC,Garden,Garden
TMA-ZAIN-G-177,MBC,Garden,Garden
TMA-ZAIN-G-178,MBC,Garden,Garden
TMA-ZAIN-G-179,MBC,Garden,Garden
TMA-ZAIN-G-180,MBC,Garden,Garden
TMA-ZAIN-G-181,MBC,Garden,Garden
TMA-ZAIN-G-182,MBC,Garden,Garden
TMA-ZAIN-G-183,MBC,Garden,Garden
TMA-ZAIN-G-184,MBC,Garden,Garden
TMA-ZAIN-G-185,MBC,Garden,Garden
TMA-ZAIN-G-186,MBC,Garden,Garden
TMA-ZAIN-G-187,MBC,Garden,Garden
TMA-ZAIN-G-188,MBC,Garden,Garden
TMA-ZAIN-G-189,MBC,Garden,Garden
TMA-ZAIN-G-190,MBC,Garden,Garden
TMA-ZAIN-G-191,MBC,Garden,Garden
TMA-ZAIN-G-192,MBC,Garden,Garden
TMA-ZAIN-G-193,MBC,Garden,Garden
TMA-ZAIN-G-194,MBC,Garden,Garden
TMA-ZAIN-G-195,MBC,Garden,Garden
TMA-ZAIN-G-196,MBC,Garden,Garden
TMA-ZAIN-G-197,MBC,Garden,Garden
TMA-ZAIN-G-198,MBC,Garden,Garden
TMA-ZAIN-G-199,MBC,Garden,Garden
TMA-ZAIN-G-200,MBC,Garden,Garden
TMA-ZAIN-G-201,MBC,Garden,Garden
TMA-ZAIN-G-202,MBC,Garden,Garden
TMA-ZAIN-G-203,MBC,Garden,Garden
TMA-ZAIN-G-204,MBC,Garden,Garden
TMA-ZAIN-G-205,MBC,Garden,Garden
TMA-ZAIN-G-206,MBC,Garden,Garden
TMA-ZAIN-G-207,MBC,Garden,Garden
TMA-ZAIN-G-208,MBC,Garden,Garden
TMA-ZAIN-G-209,MBC,Garden,Garden
TMA-ZAIN-G-210,MBC,Garden,Garden
TMA-ZAIN-G-211,MBC,Garden,Garden
TMA-ZAIN-G-212,MBC,Garden,Garden
TMA-ZAIN-G-213,MBC,Garden,Garden
TMA-ZAIN-G-214,MBC,Garden,Garden
TMA-ZAIN-G-215,MBC,Garden,Garden
TMA-ZAIN-G-216,MBC,Garden,Garden
TMA-ZAIN-G-217,MBC,Garden,Garden
TMA-ZAIN-G-218,MBC,Garden,Garden
TMA-ZAIN-G-219,MBC,Garden,Garden
TMA-ZAIN-G-220,MBC,Garden,Garden
TMA-ZAIN-G-221,MBC,Garden,Garden
TMA-ZAIN-G-222,MBC,Garden,Garden
TMA-ZAIN-G-223,MBC,Garden,Garden
TMA-ZAIN-G-224,MBC,Garden,Garden
TMA-ZAIN-G-225,MBC,Garden,Garden
TMA-ZAIN-G-226,MBC,Garden,Garden
TMA-ZAIN-G-227,MBC,Garden,Garden
TMA-ZAIN-G-228,MBC,Garden,Garden
TMA-ZAIN-G-229,MBC,Garden,Garden
TMA-ZAIN-G-230,MBC,Garden,Garden
TMA-ZAIN-G-231,MBC,Garden,Garden
TMA-ZAIN-G-232,MBC,Garden,Garden
TMA-ZAIN-G-233,MBC,Garden,Garden
TMA-ZAIN-G-234,MBC,Garden,Garden
TMA-ZAIN-G-235,MBC,Garden,Garden
TMA-ZAIN-G-236,MBC,Garden,Garden
TMA-ZAIN-G-237,MBC,Garden,Garden
TMA-ZAIN-G-238,MBC,Garden,Garden
TMA-ZAIN-G-239,MBC,Garden,Garden
TMA-ZAIN-G-240,MBC,Garden,Garden
TMA-ZAIN-G-241,MBC,Garden,Garden
TMA-ZAIN-G-242,MBC,Garden,Garden
TMA-ZAIN-G-243,MBC,Garden,Garden
TMA-ZAIN-G-244,MBC,Garden,Garden
TMA-ZAIN-G-245,MBC,Garden,Garden
TMA-ZAIN-G-246,MBC,Garden,Garden
TMA-ZAIN-G-248,MBC,Garden,Garden
TMA-ZAIN-G-249,MBC,Garden,Garden
TMA-ZAIN-G-250,MBC,Garden,Garden
TMA-ZAIN-G-251,MBC,Garden,Garden
TMA-ZAIN-G-252,MBC,Garden,Garden
TMA-ZAIN-G-253,MBC,Garden,Garden
TMA-ZAIN-G-254,MBC,Garden,Garden
TMA-ZAIN-G-255,MBC,Garden,Garden
TMA-ZAIN-G-256,MBC,Garden,Garden
TMA-ZAIN-G-257,MBC,Garden,Garden
TMA-ZAIN-G-258,MBC,Garden,Garden
TMA-ZAIN-G-259,MBC,Garden,Garden
TMA-ZAIN-G-260,MBC,Garden,Garden
TMA-ZAIN-G-261,MBC,Garden,Garden
TMA-ZAIN-G-262,MBC,Garden,Garden
TMA-ZAIN-G-263,MBC,Garden,Garden
TMA-ZAIN-G-264,MBC,Garden,Garden
TMA-ZAIN-G-265,MBC,Garden,Garden
TMA-ZAIN-G-266,MBC,Garden,Garden
TMA-ZAIN-G-267,MBC,Garden,Garden
TMA-ZAIN-G-268,MBC,Garden,Garden
TMA-ZAIN-G-269,MBC,Garden,Garden
TMA-ZAIN-G-270,MBC,Garden,Garden
TMA-ZAIN-G-271,MBC,Garden,Garden
TMA-ZAIN-G-272,MBC,Garden,Garden
TMA-ZAIN-G-273,MBC,Garden,Garden
TMA-ZAIN-G-274,MBC,Garden,Garden
TMA-ZAIN-G-275,MBC,Garden,Garden
TMA-ZAIN-G-276,MBC,Garden,Garden
TMA-ZAIN-G-277,MBC,Garden,Garden
TMA-ZAIN-G-278,MBC,Garden,Garden
TMA-ZAIN-G-279,MBC,Garden,Garden
TMA-ZAIN-G-280,MBC,Garden,Garden
TMA-ZAIN-G-281,MBC,Garden,Garden
TMA-ZAIN-G-282,MBC,Garden,Garden
TMA-ZAIN-G-283,MBC,Garden,Garden
TMA-ZAIN-G-284,MBC,Garden,Garden
TMA-ZAIN-G-285,MBC,Garden,Garden
TMA-ZAIN-G-286,MBC,Garden,Garden
TMA-ZAIN-G-287,MBC,Garden,Garden
TMA-ZAIN-G-288,MBC,Garden,Garden
TMA-ZAIN-G-289,MBC,Garden,Garden
TMA-ZAIN-G-290,MBC,Garden,Garden
TMA-ZAIN-G-291,MBC,Garden,Garden
TMA-ZAIN-G-292,MBC,Garden,Garden
TMA-ZAIN-G-293,MBC,Garden,Garden
TMA-ZAIN-G-294,MBC,Garden,Garden
TMA-ZAIN-G-295,MBC,Garden,Garden
TMA-ZAIN-G-296,MBC,Garden,Garden
TMA-ZAIN-G-297,MBC,Garden,Garden
TMA-ZAIN-G-298,MBC,Garden,Garden
TMA-ZAIN-G-299,MBC,Garden,Garden
TMA-ZAIN-G-301,MBC,Garden,Garden
TMA-ZAIN-G-302,MBC,Garden,Garden
TMA-ZAIN-G-303,MBC,Garden,Garden
TMA-ZAIN-G-304,MBC,Garden,Garden
TMA-ZAIN-G-305,MBC,Garden,Garden
TMA-ZAIN-G-306,MBC,Garden,Garden
TMA-ZAIN-G-307,MSBG,Garden,Garden
TMA-ZAIN-G-308,MSBG,Garden,Garden
TMA-ZAIN-G-309,MSBG,Garden,Garden
TMA-ZAIN-G-310,MSBG,Garden,Garden
TMA-ZAIN-G-311,MSBG,Garden,Garden
TMA-ZAIN-G-312,MSBG,Garden,Garden
TMA-ZAIN-G-313,MSBG,Garden,Garden
TMA-ZAIN-G-314,MSBG,Garden,Garden
TMA-ZAIN-G-315,MSBG,Garden,Garden
TMA-ZAIN-G-316,MSBG,Garden,Garden
TMA-ZAIN-G-317,MSBG,Garden,Garden
TMA-ZAIN-G-318,MSBG,Garden,Garden
TMA-ZAIN-G-319,MSBG,Garden,Garden
TMA-ZAIN-G-320,MSBG,Garden,Garden
TMA-ZAIN-G-321,MSBG,Garden,Garden
TMA-ZAIN-G-322,AA,Garden,Garden
TMA-ZAIN-G-323,AA,Garden,Garden
TMA-ZAIN-G-324,HBG,Garden,Garden
TMA-ZAIN-G-325,HBG,Garden,Garden
TMA-ZAIN-G-326,FTBG,Garden,Garden
TMA-ZAIN-G-327,FTBG,Garden,Garden
TMA-ZAIN-G-328,FTBG,Garden,Garden
TMA-ZAIN-G-329,FTBG,Garden,Garden
TMA-ZAIN-G-330,FTBG,Garden,Garden
TMA-ZAIN-G-331,FTBG,Garden,Garden
TMA-ZAIN-G-332,FTBG,Garden,Garden
TMA-ZAIN-G-333,UCBBG,Garden,Garden
TMA-ZAIN-G-334,UCBBG,Garden,Garden
TMA-ZAIN-G-335,UCBBG,Garden,Garden
TMA-ZAIN-G-336,UCBBG,Garden,Garden
TMA-ZAIN-G-337,UCBBG,Garden,Garden
TMA-ZAIN-G-338,UCBBG,Garden,Garden
TMA-ZAIN-G-339,UCBBG,Garden,Garden
TMA-ZAIN-G-340,UCBBG,Garden,Garden
TMA-ZAIN-G-341,UCBBG,Garden,Garden
TMA-ZAIN-G-342,UCBBG,Garden,Garden
TMA-ZAIN-G-343,UCBBG,Garden,Garden
TMA-ZAIN-G-344,UCBBG,Garden,Garden
TMA-ZAIN-G-345,UCBBG,Garden,Garden
TMA-ZAIN-G-347,GWL,Garden,Garden
TMA-ZAIN-G-348,GWL,Garden,Garden
TMA-ZAIN-G-349,GWL,Garden,Garden
TMA-ZAIN-G-350,GWL,Garden,Garden
TMA-ZAIN-G-351,GWL,Garden,Garden
TMA-ZAIN-G-352,GWL,Garden,Garden
TMA-ZAIN-G-353,GWL,Garden,Garden
TMA-ZAIN-G-354,GWL,Garden,Garden
TMA-ZAIN-G-355,GWL,Garden,Garden
TMA-ZAIN-G-356,GWL,Garden,Garden
TMA-ZAIN-G-357,GWL,Garden,Garden
TMA-ZAIN-G-358,GWL,Garden,Garden
TMA-ZAIN-G-359,GWL,Garden,Garden
TMA-ZAIN-G-360,HPLG,Garden,Garden
TMA-ZAIN-G-361,HPLG,Garden,Garden
TMA-ZAIN-G-362,HPLG,Garden,Garden
TMA-ZAIN-G-363,HPLG,Garden,Garden
TMA-ZAIN-G-364,HPLG,Garden,Garden
TMA-ZAIN-G-365,HPLG,Garden,Garden
TMA-ZAIN-G-366,HPLG,Garden,Garden
TMA-ZAIN-G-367,NBG,Garden,Garden
TMA-ZAIN-G-368,NBG,Garden,Garden
TMA-ZAIN-G-369,NBG,Garden,Garden
TMA-ZAIN-G-370,NBG,Garden,Garden
TMA-ZAIN-G-371,NBG,Garden,Garden
TMA-ZAIN-G-372,NBG,Garden,Garden
TMA-ZAIN-G-373,NBG,Garden,Garden
TMA-ZAIN-G-374,NBG,Garden,Garden
TMA-ZAIN-G-376,NBG,Garden,Garden
TMA-ZAIN-G-377,NBG,Garden,Garden
TMA-ZAIN-G-378,NBG,Garden,Garden
TMA-ZAIN-G-379,KWTFBG,Garden,Garden
TMA-ZAIN-G-380,KWTFBG,Garden,Garden
TMA-ZAIN-G-381,KWTFBG,Garden,Garden
TMA-ZAIN-G-382,KWTFBG,Garden,Garden
TMA-ZAIN-G-383,KWTFBG,Garden,Garden
TMA-ZAIN-G-384,KWTFBG,Garden,Garden
TMA-ZAIN-G-385,KWTFBG,Garden,Garden
TMA-ZAIN-G-386,KWTFBG,Garden,Garden
TMA-ZAIN-G-387,KWTFBG,Garden,Garden
ZFB01,Bronson,Wild,integrifolia
ZFB02,Bronson,Wild,integrifolia
ZFB03,Bronson,Wild,integrifolia
ZFB04,Bronson,Wild,integrifolia
ZFB05,Bronson,Wild,integrifolia
ZFB06,Bronson,Wild,integrifolia
ZFB07,Bronson,Wild,integrifolia
ZFB08,Bronson,Wild,integrifolia
ZFB09,Bronson,Wild,integrifolia
ZFB10,Bronson,Wild,integrifolia
ZFB11,Bronson,Wild,integrifolia
ZFB12,Bronson,Wild,integrifolia
ZFB13,Bronson,Wild,integrifolia
ZFB14,Bronson,Wild,integrifolia
ZFB15,Bronson,Wild,integrifolia
ZFB16,Bronson,Wild,integrifolia
ZFB17,Bronson,Wild,integrifolia
ZFB18,Bronson,Wild,integrifolia
ZFB19,Bronson,Wild,integrifolia
ZFB20,Bronson,Wild,integrifolia
ZFB21,Bronson,Wild,integrifolia
ZFB22,Bronson,Wild,integrifolia
ZFB23,Bronson,Wild,integrifolia
ZFB24,Bronson,Wild,integrifolia
ZFB25,Bronson,Wild,integrifolia
ZFB26,Bronson,Wild,integrifolia
ZFB27,Bronson,Wild,integrifolia
ZFB28,Bronson,Wild,integrifolia
ZFB29,Bronson,Wild,integrifolia
ZFB30,Bronson,Wild,integrifolia
ZFB31,Bronson,Wild,integrifolia
ZFB32,Bronson,Wild,integrifolia
ZFB33,Bronson,Wild,integrifolia
ZFB34,Bronson,Wild,integrifolia
ZFB35,Bronson,Wild,integrifolia
ZFBP101,Bulow 1,Wild,umbrosa
ZFBP102,Bulow 1,Wild,umbrosa
ZFBP103,Bulow 1,Wild,umbrosa
ZFBP104,Bulow 1,Wild,umbrosa
ZFBP105,Bulow 1,Wild,umbrosa
ZFBP106,Bulow 1,Wild,umbrosa
ZFBP107,Bulow 1,Wild,umbrosa
ZFBP108,Bulow 1,Wild,umbrosa
ZFBP109,Bulow 1,Wild,umbrosa
ZFBP110,Bulow 1,Wild,umbrosa
ZFBP111,Bulow 1,Wild,umbrosa
ZFBP112,Bulow 1,Wild,umbrosa
ZFBP113,Bulow 1,Wild,umbrosa
ZFBP114,Bulow 1,Wild,umbrosa
ZFBP115,Bulow 1,Wild,umbrosa
ZFBP116,Bulow 1,Wild,umbrosa
ZFBP117,Bulow 1,Wild,umbrosa
ZFBP118,Bulow 1,Wild,umbrosa
ZFBP119,Bulow 1,Wild,umbrosa
ZFBP120,Bulow 1,Wild,umbrosa
ZFBP121,Bulow 1,Wild,umbrosa
ZFBP122,Bulow 1,Wild,umbrosa
ZFBP123,Bulow 1,Wild,umbrosa
ZFBP124,Bulow 1,Wild,umbrosa
ZFBP125,Bulow 1,Wild,umbrosa
ZFBP126,Bulow 1,Wild,umbrosa
ZFBP127,Bulow 1,Wild,umbrosa
ZFBP128,Bulow 1,Wild,umbrosa
ZFBP129,Bulow 1,Wild,umbrosa
ZFBP130,Bulow 1,Wild,umbrosa
ZFBP131,Bulow 1,Wild,umbrosa
ZFBP132,Bulow 1,Wild,umbrosa
ZFBP133,Bulow 1,Wild,umbrosa
ZFBP134,Bulow 1,Wild,umbrosa
ZFBP135,Bulow 1,Wild,umbrosa
ZFBP136,Bulow 1,Wild,umbrosa
ZFBP201,Bulow 2,Wild,umbrosa
ZFBP202,Bulow 2,Wild,umbrosa
ZFBP203,Bulow 2,Wild,umbrosa
ZFBP204,Bulow 2,Wild,umbrosa
ZFBP205,Bulow 2,Wild,umbrosa
ZFBP206,Bulow 2,Wild,umbrosa
ZFBP207,Bulow 2,Wild,umbrosa
ZFBP208,Bulow 2,Wild,umbrosa
ZFBP209,Bulow 2,Wild,umbrosa
ZFBP210,Bulow 2,Wild,umbrosa
ZFBP211,Bulow 2,Wild,umbrosa
ZFBP212,Bulow 2,Wild,umbrosa
ZFBP213,Bulow 2,Wild,umbrosa
ZFBP214,Bulow 2,Wild,umbrosa
ZFBP215,Bulow 2,Wild,umbrosa
ZFBP216,Bulow 2,Wild,umbrosa
ZFBP217,Bulow 2,Wild,umbrosa
ZFBP218,Bulow 2,Wild,umbrosa
ZFBP219,Bulow 2,Wild,umbrosa
ZFBP220,Bulow 2,Wild,umbrosa
ZFBP221,Bulow 2,Wild,umbrosa
ZFBP222,Bulow 2,Wild,umbrosa
ZFBP223,Bulow 2,Wild,umbrosa
ZFBP224,Bulow 2,Wild,umbrosa
ZFBP225,Bulow 2,Wild,umbrosa
ZFBP226,Bulow 2,Wild,umbrosa
ZFBP227,Bulow 2,Wild,umbrosa
ZFBP228,Bulow 2,Wild,umbrosa
ZFBP229,Bulow 2,Wild,umbrosa
ZFBP230,Bulow 2,Wild,umbrosa
ZFBP231,Bulow 2,Wild,umbrosa
ZFBP232,Bulow 2,Wild,umbrosa
ZFBP233,Bulow 2,Wild,umbrosa
ZFCC01,Cayo Costa,Wild,integrifolia
ZFCC03,Cayo Costa,Wild,integrifolia
ZFCC04,Cayo Costa,Wild,integrifolia
ZFCC05,Cayo Costa,Wild,integrifolia
ZFCC08,Cayo Costa,Wild,integrifolia
ZFCC09,Cayo Costa,Wild,integrifolia
ZFCC10,Cayo Costa,Wild,integrifolia
ZFCC11,Cayo Costa,Wild,integrifolia
ZFCC12,Cayo Costa,Wild,integrifolia
ZFCC13,Cayo Costa,Wild,integrifolia
ZFCC14,Cayo Costa,Wild,integrifolia
ZFCC15,Cayo Costa,Wild,integrifolia
ZFCC16,Cayo Costa,Wild,integrifolia
ZFCC17,Cayo Costa,Wild,integrifolia
ZFCC18,Cayo Costa,Wild,integrifolia
ZFCC19,Cayo Costa,Wild,integrifolia
ZFCC20,Cayo Costa,Wild,integrifolia
ZFCC21,Cayo Costa,Wild,integrifolia
ZFCC22,Cayo Costa,Wild,integrifolia
ZFCC26,Cayo Costa,Wild,integrifolia
ZFCC27,Cayo Costa,Wild,integrifolia
ZFCC29,Cayo Costa,Wild,integrifolia
ZFCC30,Cayo Costa,Wild,integrifolia
ZFCC32,Cayo Costa,Wild,integrifolia
ZFCC33,Cayo Costa,Wild,integrifolia
ZFCC34,Cayo Costa,Wild,integrifolia
ZFCC35,Cayo Costa,Wild,integrifolia
ZFCC36,Cayo Costa,Wild,integrifolia
ZFCC37,Cayo Costa,Wild,integrifolia
ZFCC40,Cayo Costa,Wild,integrifolia
ZFCC42,Cayo Costa,Wild,integrifolia
ZFCC44,Cayo Costa,Wild,integrifolia
ZFCC45,Cayo Costa,Wild,integrifolia
ZFCC46,Cayo Costa,Wild,integrifolia
ZFCC47,Cayo Costa,Wild,integrifolia
ZFCC48,Cayo Costa,Wild,integrifolia
ZFCC50,Cayo Costa,Wild,integrifolia
ZFCC51,Cayo Costa,Wild,integrifolia
ZFCC52,Cayo Costa,Wild,integrifolia
ZFCC53,Cayo Costa,Wild,integrifolia
ZFCNS01,Canaveral,Wild,umbrosa
ZFCNS02,Canaveral,Wild,umbrosa
ZFCNS05,Canaveral,Wild,umbrosa
ZFCNS06,Canaveral,Wild,umbrosa
ZFCNS07,Canaveral,Wild,umbrosa
ZFCNS10,Canaveral,Wild,umbrosa
ZFCNS11,Canaveral,Wild,umbrosa
ZFCNS15,Canaveral,Wild,umbrosa
ZFCNS17,Canaveral,Wild,umbrosa
ZFCNS18,Canaveral,Wild,umbrosa
ZFCNS19,Canaveral,Wild,umbrosa
ZFCNS20,Canaveral,Wild,umbrosa
ZFCNS21,Canaveral,Wild,umbrosa
ZFCNS22,Canaveral,Wild,umbrosa
ZFCNS23,Canaveral,Wild,umbrosa
ZFCNS24,Canaveral,Wild,umbrosa
ZFCNS25,Canaveral,Wild,umbrosa
ZFCNS26,Canaveral,Wild,umbrosa
ZFCNS27,Canaveral,Wild,umbrosa
ZFCNS28,Canaveral,Wild,umbrosa
ZFCNS29,Canaveral,Wild,umbrosa
ZFCNS30,Canaveral,Wild,umbrosa
ZFCNS31,Canaveral,Wild,umbrosa
ZFCNS32,Canaveral,Wild,umbrosa
ZFCNS33,Canaveral,Wild,umbrosa
ZFCNS34,Canaveral,Wild,umbrosa
ZFCNS35,Canaveral,Wild,umbrosa
ZFCNS36,Canaveral,Wild,umbrosa
ZFCNS37,Canaveral,Wild,umbrosa
ZFCNS39,Canaveral,Wild,umbrosa
ZFCNS40,Canaveral,Wild,umbrosa
ZFCNS41,Canaveral,Wild,umbrosa
ZFCNS42,Canaveral,Wild,umbrosa
ZFCNS43,Canaveral,Wild,umbrosa
ZFCNS44,Canaveral,Wild,umbrosa
ZFCNS46,Canaveral,Wild,umbrosa
ZFCNS47,Canaveral,Wild,umbrosa
ZFCNS48,Canaveral,Wild,umbrosa
ZFCNS49,Canaveral,Wild,umbrosa
ZFCR01,Crystal River,Wild,integrifolia
ZFCR02,Crystal River,Wild,integrifolia
ZFCR03,Crystal River,Wild,integrifolia
ZFCR04,Crystal River,Wild,integrifolia
ZFCR05,Crystal River,Wild,integrifolia
ZFCR06,Crystal River,Wild,integrifolia
ZFCR07,Crystal River,Wild,integrifolia
ZFCR08,Crystal River,Wild,integrifolia
ZFCR09,Crystal River,Wild,integrifolia
ZFCR11,Crystal River,Wild,integrifolia
ZFCR12,Crystal River,Wild,integrifolia
ZFCR13,Crystal River,Wild,integrifolia
ZFCR14,Crystal River,Wild,integrifolia
ZFCR15,Crystal River,Wild,integrifolia
ZFCR16,Crystal River,Wild,integrifolia
ZFCR18,Crystal River,Wild,integrifolia
ZFCR19,Crystal River,Wild,integrifolia
ZFCR20,Crystal River,Wild,integrifolia
ZFCR21,Crystal River,Wild,integrifolia
ZFCR22,Crystal River,Wild,integrifolia
ZFCR23,Crystal River,Wild,integrifolia
ZFCR24,Crystal River,Wild,integrifolia
ZFCR25,Crystal River,Wild,integrifolia
ZFCR26,Crystal River,Wild,integrifolia
ZFCR27,Crystal River,Wild,integrifolia
ZFCR28,Crystal River,Wild,integrifolia
ZFCR29,Crystal River,Wild,integrifolia
ZFCR30,Crystal River,Wild,integrifolia
ZFCR31,Crystal River,Wild,integrifolia
ZFCR33,Crystal River,Wild,integrifolia
ZFCR34,Crystal River,Wild,integrifolia
ZFCR35,Crystal River,Wild,integrifolia
ZFCR36,Crystal River,Wild,integrifolia
ZFCR37,Crystal River,Wild,integrifolia
ZFCR38,Crystal River,Wild,integrifolia
ZFCR39,Crystal River,Wild,integrifolia
ZFCR40,Crystal River,Wild,integrifolia
ZFCR41,Crystal River,Wild,integrifolia
ZFCR42,Crystal River,Wild,integrifolia
ZFCR43,Crystal River,Wild,integrifolia
ZFENP25,Everglade,Wild,integrifolia
ZFENP26,Everglade,Wild,integrifolia
ZFENP27,Everglade,Wild,integrifolia
ZFENP28,Everglade,Wild,integrifolia
ZFENP29,Everglade,Wild,integrifolia
ZFENP30,Everglade,Wild,integrifolia
ZFENP31,Everglade,Wild,integrifolia
ZFENP32,Everglade,Wild,integrifolia
ZFENP33,Everglade,Wild,integrifolia
ZFENP34,Everglade,Wild,integrifolia
ZFENP35,Everglade,Wild,integrifolia
ZFENP36,Everglade,Wild,integrifolia
ZFENP37,Everglade,Wild,integrifolia
ZFENP38,Everglade,Wild,integrifolia
ZFENP39,Everglade,Wild,integrifolia
ZFENP40,Everglade,Wild,integrifolia
ZFENP41,Everglade,Wild,integrifolia
ZFENP42,Everglade,Wild,integrifolia
ZFENP43,Everglade,Wild,integrifolia
ZFENP44,Everglade,Wild,integrifolia
ZFENP45,Everglade,Wild,integrifolia
ZFENP46,Everglade,Wild,integrifolia
ZFENP47,Everglade,Wild,integrifolia
ZFENP48,Everglade,Wild,integrifolia
ZFENP49,Everglade,Wild,integrifolia
ZFENP50,Everglade,Wild,integrifolia
ZFENP51,Everglade,Wild,integrifolia
ZFENP52,Everglade,Wild,integrifolia
ZFENP53,Everglade,Wild,integrifolia
ZFENP54,Everglade,Wild,integrifolia
ZFENP55,Everglade,Wild,integrifolia
ZFENP56,Everglade,Wild,integrifolia
ZFENP57,Everglade,Wild,integrifolia
ZFENP58,Everglade,Wild,integrifolia
ZFENP59,Everglade,Wild,integrifolia
ZFENP60,Everglade,Wild,integrifolia
ZFENP61,Everglade,Wild,integrifolia
ZFFDSP01,Faver-Dykes,Wild,umbrosa
ZFFDSP02,Faver-Dykes,Wild,umbrosa
ZFFDSP04,Faver-Dykes,Wild,umbrosa
ZFFDSP05,Faver-Dykes,Wild,umbrosa
ZFFDSP06,Faver-Dykes,Wild,umbrosa
ZFFDSP07,Faver-Dykes,Wild,umbrosa
ZFFDSP08,Faver-Dykes,Wild,umbrosa
ZFFDSP10,Faver-Dykes,Wild,umbrosa
ZFFDSP11,Faver-Dykes,Wild,umbrosa
ZFFDSP12,Faver-Dykes,Wild,umbrosa
ZFFDSP13,Faver-Dykes,Wild,umbrosa
ZFFDSP14,Faver-Dykes,Wild,umbrosa
ZFFDSP16,Faver-Dykes,Wild,umbrosa
ZFFDSP17,Faver-Dykes,Wild,umbrosa
ZFFDSP18,Faver-Dykes,Wild,umbrosa
ZFFDSP19,Faver-Dykes,Wild,umbrosa
ZFFDSP21,Faver-Dykes,Wild,umbrosa
ZFFDSP22,Faver-Dykes,Wild,umbrosa
ZFFDSP23,Faver-Dykes,Wild,umbrosa
ZFFDSP24,Faver-Dykes,Wild,umbrosa
ZFFDSP26,Faver-Dykes,Wild,umbrosa
ZFFDSP27,Faver-Dykes,Wild,umbrosa
ZFFDSP28,Faver-Dykes,Wild,umbrosa
ZFFDSP30,Faver-Dykes,Wild,umbrosa
ZFFDSP31,Faver-Dykes,Wild,umbrosa
ZFFDSP32,Faver-Dykes,Wild,umbrosa
ZFFDSP33,Faver-Dykes,Wild,umbrosa
ZFFDSP34,Faver-Dykes,Wild,umbrosa
ZFFDSP35,Faver-Dykes,Wild,umbrosa
ZFFDSP37,Faver-Dykes,Wild,umbrosa
ZFFDSP38,Faver-Dykes,Wild,umbrosa
ZFFDSP39,Faver-Dykes,Wild,umbrosa
ZFFDSP40,Faver-Dykes,Wild,umbrosa
ZFFDSP42,Faver-Dykes,Wild,umbrosa
ZFFDSP43,Faver-Dykes,Wild,umbrosa
ZFFDSP44,Faver-Dykes,Wild,umbrosa
ZFFDSP45,Faver-Dykes,Wild,umbrosa
ZFFDSP46,Faver-Dykes,Wild,umbrosa
ZFFDSP47,Faver-Dykes,Wild,umbrosa
ZFFDSP48,Faver-Dykes,Wild,umbrosa
ZFI01,Ichetucknee,Wild,integrifolia
ZFI02,Ichetucknee,Wild,integrifolia
ZFI03,Ichetucknee,Wild,integrifolia
ZFI04,Ichetucknee,Wild,integrifolia
ZFI05,Ichetucknee,Wild,integrifolia
ZFI06,Ichetucknee,Wild,integrifolia
ZFI07,Ichetucknee,Wild,integrifolia
ZFI08,Ichetucknee,Wild,integrifolia
ZFI09,Ichetucknee,Wild,integrifolia
ZFI10,Ichetucknee,Wild,integrifolia
ZFI11,Ichetucknee,Wild,integrifolia
ZFI12,Ichetucknee,Wild,integrifolia
ZFI13,Ichetucknee,Wild,integrifolia
ZFI14,Ichetucknee,Wild,integrifolia
ZFI15,Ichetucknee,Wild,integrifolia
ZFI16,Ichetucknee,Wild,integrifolia
ZFI17,Ichetucknee,Wild,integrifolia
ZFI18,Ichetucknee,Wild,integrifolia
ZFI19,Ichetucknee,Wild,integrifolia
ZFI20,Ichetucknee,Wild,integrifolia
ZFI21,Ichetucknee,Wild,integrifolia
ZFI22,Ichetucknee,Wild,integrifolia
ZFI23,Ichetucknee,Wild,integrifolia
ZFI24,Ichetucknee,Wild,integrifolia
ZFI25,Ichetucknee,Wild,integrifolia
ZFI26,Ichetucknee,Wild,integrifolia
ZFI27,Ichetucknee,Wild,integrifolia
ZFK01,Ichetucknee,Wild,integrifolia
ZFK02,Koreshan,Wild,integrifolia
ZFK03,Koreshan,Wild,integrifolia
ZFK04,Koreshan,Wild,integrifolia
ZFK05,Koreshan,Wild,integrifolia
ZFK06,Koreshan,Wild,integrifolia
ZFK07,Koreshan,Wild,integrifolia
ZFK08,Koreshan,Wild,integrifolia
ZFK10,Koreshan,Wild,integrifolia
ZFK11,Koreshan,Wild,integrifolia
ZFK12,Koreshan,Wild,integrifolia
ZFK13,Koreshan,Wild,integrifolia
ZFK14,Koreshan,Wild,integrifolia
ZFK15,Koreshan,Wild,integrifolia
ZFK16,Koreshan,Wild,integrifolia
ZFLB01,Broward,Wild,integrifolia
ZFLB02,Broward,Wild,integrifolia
ZFLB03,Broward,Wild,integrifolia
ZFLB04,Broward,Wild,integrifolia
ZFLB05,Broward,Wild,integrifolia
ZFLB06,Broward,Wild,integrifolia
ZFLB07,Broward,Wild,integrifolia
ZFLB08,Broward,Wild,integrifolia
ZFLB09,Broward,Wild,integrifolia
ZFLB10,Broward,Wild,integrifolia
ZFLB11,Broward,Wild,integrifolia
ZFLB12,Broward,Wild,integrifolia
ZFLB13,Broward,Wild,integrifolia
ZFLTI01,Little Talbot,Wild,umbrosa
ZFLTI02,Little Talbot,Wild,umbrosa
ZFLTI03,Little Talbot,Wild,umbrosa
ZFLTI04,Little Talbot,Wild,umbrosa
ZFLTI05,Little Talbot,Wild,umbrosa
ZFLTI06,Little Talbot,Wild,umbrosa
ZFLTI07,Little Talbot,Wild,umbrosa
ZFLTI08,Little Talbot,Wild,umbrosa
ZFLTI09,Little Talbot,Wild,umbrosa
ZFLTI10,Little Talbot,Wild,umbrosa
ZFLTI11,Little Talbot,Wild,umbrosa
ZFLTI12,Little Talbot,Wild,umbrosa
ZFLTI13,Little Talbot,Wild,umbrosa
ZFLTI14,Little Talbot,Wild,umbrosa
ZFONF101,Ocala 1,Wild,umbrosa
ZFONF102,Ocala 1,Wild,umbrosa
ZFONF103,Ocala 1,Wild,umbrosa
ZFONF104,Ocala 1,Wild,umbrosa
ZFONF105,Ocala 1,Wild,umbrosa
ZFONF106,Ocala 1,Wild,umbrosa
ZFONF107,Ocala 1,Wild,umbrosa
ZFONF108,Ocala 1,Wild,umbrosa
ZFONF109,Ocala 1,Wild,umbrosa
ZFONF110,Ocala 1,Wild,umbrosa
ZFONF111,Ocala 1,Wild,umbrosa
ZFONF112,Ocala 1,Wild,umbrosa
ZFONF113,Ocala 1,Wild,umbrosa
ZFONF115,Ocala 1,Wild,umbrosa
ZFONF116,Ocala 1,Wild,umbrosa
ZFONF117,Ocala 1,Wild,umbrosa
ZFONF118,Ocala 1,Wild,umbrosa
ZFONF119,Ocala 1,Wild,umbrosa
ZFONF120,Ocala 1,Wild,umbrosa
ZFONF121,Ocala 1,Wild,umbrosa
ZFONF122,Ocala 1,Wild,umbrosa
ZFONF123,Ocala 1,Wild,umbrosa
ZFONF124,Ocala 1,Wild,umbrosa
ZFONF125,Ocala 1,Wild,umbrosa
ZFONF126,Ocala 1,Wild,umbrosa
ZFONF201,Ocala 2,Wild,umbrosa
ZFONF202,Ocala 2,Wild,umbrosa
ZFONF203,Ocala 2,Wild,umbrosa
ZFONF204,Ocala 2,Wild,umbrosa
ZFONF206,Ocala 2,Wild,umbrosa
ZFONF207,Ocala 2,Wild,umbrosa
ZFONF208,Ocala 2,Wild,umbrosa
ZFONF209,Ocala 2,Wild,umbrosa
ZFONF210,Ocala 2,Wild,umbrosa
ZFONF211,Ocala 2,Wild,umbrosa
ZFONF212,Ocala 2,Wild,umbrosa
ZFONF214,Ocala 2,Wild,umbrosa
ZFONF215,Ocala 2,Wild,umbrosa
ZFONF216,Ocala 2,Wild,umbrosa
ZFONF217,Ocala 2,Wild,umbrosa
ZFONF218,Ocala 2,Wild,umbrosa
ZFONF219,Ocala 2,Wild,umbrosa
ZFONF220,Ocala 2,Wild,umbrosa
ZFONF222,Ocala 2,Wild,umbrosa
ZFONF223,Ocala 2,Wild,umbrosa
ZFONF224,Ocala 2,Wild,umbrosa
ZFONF225,Ocala 2,Wild,umbrosa
ZFONF226,Ocala 2,Wild,umbrosa
ZFONF227,Ocala 2,Wild,umbrosa
ZFONF228,Ocala 2,Wild,umbrosa
ZFONF230,Ocala 2,Wild,umbrosa
ZFONF231,Ocala 2,Wild,umbrosa
ZFONF232,Ocala 2,Wild,umbrosa
ZFONF233,Ocala 2,Wild,umbrosa
ZFONF234,Ocala 2,Wild,umbrosa
ZFONF235,Ocala 2,Wild,umbrosa
ZFONF236,Ocala 2,Wild,umbrosa
ZFONF238,Ocala 2,Wild,umbrosa
ZFONF239,Ocala 2,Wild,umbrosa
ZFONF240,Ocala 2,Wild,umbrosa
ZFONF241,Ocala 2,Wild,umbrosa
ZFONF242,Ocala 2,Wild,umbrosa
ZFONF243,Ocala 2,Wild,umbrosa
ZFONF244,Ocala 2,Wild,umbrosa
ZFONF245,Ocala 2,Wild,umbrosa
ZFOS01,Oscar Scherer ,Wild,integrifolia
ZFOS02,Oscar Scherer ,Wild,integrifolia
ZFOS03,Oscar Scherer ,Wild,integrifolia
ZFOS04,Oscar Scherer ,Wild,integrifolia
ZFOS05,Oscar Scherer ,Wild,integrifolia
ZFOS06,Oscar Scherer ,Wild,integrifolia
ZFOS07,Oscar Scherer ,Wild,integrifolia
ZFOS08,Oscar Scherer ,Wild,integrifolia
ZFOS09,Oscar Scherer ,Wild,integrifolia
ZFOS10,Oscar Scherer ,Wild,integrifolia
ZFOS11,Oscar Scherer ,Wild,integrifolia
ZFOS12,Oscar Scherer ,Wild,integrifolia
ZFOS13,Oscar Scherer ,Wild,integrifolia
ZFOS14,Oscar Scherer ,Wild,integrifolia
ZFOS15,Oscar Scherer ,Wild,integrifolia
ZFOS16,Oscar Scherer ,Wild,integrifolia
ZFOS17,Oscar Scherer ,Wild,integrifolia
ZFOS18,Oscar Scherer ,Wild,integrifolia
ZFOS19,Oscar Scherer ,Wild,integrifolia
ZFOS20,Oscar Scherer ,Wild,integrifolia
ZFOS21,Oscar Scherer ,Wild,integrifolia
ZFOS22,Oscar Scherer ,Wild,integrifolia
ZFOS23,Oscar Scherer ,Wild,integrifolia
ZFOS24,Oscar Scherer ,Wild,integrifolia
ZFOS25,Oscar Scherer ,Wild,integrifolia
ZFOS26,Oscar Scherer ,Wild,integrifolia
ZFOS27,Oscar Scherer ,Wild,integrifolia
ZFOS28,Oscar Scherer ,Wild,integrifolia
ZFOS29,Oscar Scherer ,Wild,integrifolia
ZFOS30,Oscar Scherer ,Wild,integrifolia
ZFOS31,Oscar Scherer ,Wild,integrifolia
ZFOS32,Oscar Scherer ,Wild,integrifolia
ZFPB01,Palm Beach,Wild,integrifolia
ZFPB02,Palm Beach,Wild,integrifolia
ZFPB03,Palm Beach,Wild,integrifolia
ZFPB05,Palm Beach,Wild,integrifolia
ZFPB06,Palm Beach,Wild,integrifolia
ZFPB07,Palm Beach,Wild,integrifolia
ZFPB08,Palm Beach,Wild,integrifolia
ZFPB10,Palm Beach,Wild,integrifolia
ZFPB11,Palm Beach,Wild,integrifolia
ZFPB12,Palm Beach,Wild,integrifolia
ZFPB13,Palm Beach,Wild,integrifolia
ZFPB14,Palm Beach,Wild,integrifolia
ZFPB15,Palm Beach,Wild,integrifolia
ZFPB17,Palm Beach,Wild,integrifolia
ZFPB18,Palm Beach,Wild,integrifolia
ZFPB19,Palm Beach,Wild,integrifolia
ZFPB20,Palm Beach,Wild,integrifolia
ZFPB21,Palm Beach,Wild,integrifolia
ZFPB22,Palm Beach,Wild,integrifolia
ZFPB23,Palm Beach,Wild,integrifolia
ZFSF01,San Felasco,Wild,integrifolia
ZFSF02,San Felasco,Wild,integrifolia
ZFSF03,San Felasco,Wild,integrifolia
ZFSF04,San Felasco,Wild,integrifolia
ZFSW101,Suwannee 1,Wild,integrifolia
ZFSW102,Suwannee 1,Wild,integrifolia
ZFSW103,Suwannee 1,Wild,integrifolia
ZFSW104,Suwannee 1,Wild,integrifolia
ZFSW105,Suwannee 1,Wild,integrifolia
ZFSW106,Suwannee 1,Wild,integrifolia
ZFSW107,Suwannee 1,Wild,integrifolia
ZFSW108,Suwannee 1,Wild,integrifolia
ZFSW109,Suwannee 1,Wild,integrifolia
ZFSW110,Suwannee 1,Wild,integrifolia
ZFSW111,Suwannee 1,Wild,integrifolia
ZFSW112,Suwannee 1,Wild,integrifolia
ZFSW113,Suwannee 1,Wild,integrifolia
ZFSW114,Suwannee 1,Wild,integrifolia
ZFSW115,Suwannee 1,Wild,integrifolia
ZFSW116,Suwannee 1,Wild,integrifolia
ZFSW117,Suwannee 1,Wild,integrifolia
ZFSW119,Suwannee 1,Wild,integrifolia
ZFSW120,Suwannee 1,Wild,integrifolia
ZFSW121,Suwannee 1,Wild,integrifolia
ZFSW122,Suwannee 1,Wild,integrifolia
ZFSW123,Suwannee 1,Wild,integrifolia
ZFSW124,Suwannee 1,Wild,integrifolia
ZFSW201,Suwannee 2,Wild,integrifolia
ZFSW202,Suwannee 2,Wild,integrifolia
ZFSW203,Suwannee 2,Wild,integrifolia
ZFSW204,Suwannee 2,Wild,integrifolia
ZFSW205,Suwannee 2,Wild,integrifolia
ZFSW206,Suwannee 2,Wild,integrifolia
ZFSW207,Suwannee 2,Wild,integrifolia
ZFSW208,Suwannee 2,Wild,integrifolia
ZFSW209,Suwannee 2,Wild,integrifolia
ZFSW210,Suwannee 2,Wild,integrifolia
ZFSW211,Suwannee 2,Wild,integrifolia
ZFSW212,Suwannee 2,Wild,integrifolia
ZFSW213,Suwannee 2,Wild,integrifolia
ZFSW214,Suwannee 2,Wild,integrifolia
ZFSW215,Suwannee 2,Wild,integrifolia
ZFSW216,Suwannee 2,Wild,integrifolia
ZFSW217,Suwannee 2,Wild,integrifolia
ZFSW218,Suwannee 2,Wild,integrifolia
ZFSW219,Suwannee 2,Wild,integrifolia
ZFSW220,Suwannee 2,Wild,integrifolia
ZFSW221,Suwannee 2,Wild,integrifolia
ZFSW222,Suwannee 2,Wild,integrifolia
ZFSW223,Suwannee 2,Wild,integrifolia
ZFSW224,Suwannee 2,Wild,integrifolia
ZFSW225,Suwannee 2,Wild,integrifolia
ZFSW226,Suwannee 2,Wild,integrifolia
ZFSW227,Suwannee 2,Wild,integrifolia
ZFSW229,Suwannee 2,Wild,integrifolia
ZFSW230,Suwannee 2,Wild,integrifolia
ZFSW231,Suwannee 2,Wild,integrifolia
ZFSW232,Suwannee 2,Wild,integrifolia
ZFSW233,Suwannee 2,Wild,integrifolia
ZFSW234,Suwannee 2,Wild,integrifolia
ZFSW235,Suwannee 2,Wild,integrifolia
ZFSW236,Suwannee 2,Wild,integrifolia
ZFSW237,Suwannee 2,Wild,integrifolia
ZFSW238,Suwannee 2,Wild,integrifolia
ZFSW239,Suwannee 2,Wild,integrifolia
ZFSW240,Suwannee 2,Wild,integrifolia
ZFTS01,Tide Swamp,Wild,integrifolia
ZFTS02,Tide Swamp,Wild,integrifolia
ZFTS03,Tide Swamp,Wild,integrifolia
ZFTS04,Tide Swamp,Wild,integrifolia
ZFTS05,Tide Swamp,Wild,integrifolia
ZFTS07,Tide Swamp,Wild,integrifolia
ZFTS08,Tide Swamp,Wild,integrifolia
ZFTS09,Tide Swamp,Wild,integrifolia
ZFTS10,Tide Swamp,Wild,integrifolia
ZFTS11,Tide Swamp,Wild,integrifolia
ZFTS12,Tide Swamp,Wild,integrifolia
ZFTS14,Tide Swamp,Wild,integrifolia
ZFTS15,Tide Swamp,Wild,integrifolia
ZFTS16,Tide Swamp,Wild,integrifolia
ZFTS17,Tide Swamp,Wild,integrifolia
ZFTS18,Tide Swamp,Wild,integrifolia
ZFTS19,Tide Swamp,Wild,integrifolia
ZFTS20,Tide Swamp,Wild,integrifolia
ZFTS21,Tide Swamp,Wild,integrifolia
ZFTS22,Tide Swamp,Wild,integrifolia
ZFTS23,Tide Swamp,Wild,integrifolia
ZFTS24,Tide Swamp,Wild,integrifolia
ZFTS25,Tide Swamp,Wild,integrifolia
ZFTS26,Tide Swamp,Wild,integrifolia
ZFTS27,Tide Swamp,Wild,integrifolia
ZFTS28,Tide Swamp,Wild,integrifolia
ZFTS29,Tide Swamp,Wild,integrifolia
ZFTS30,Tide Swamp,Wild,integrifolia
ZFTS31,Tide Swamp,Wild,integrifolia
ZFTS32,Tide Swamp,Wild,integrifolia
ZFTS33,Tide Swamp,Wild,integrifolia
ZFTS34,Tide Swamp,Wild,integrifolia
ZFTS35,Tide Swamp,Wild,integrifolia
ZFTS36,Tide Swamp,Wild,integrifolia
ZFTS37,Tide Swamp,Wild,integrifolia
ZFTS38,Tide Swamp,Wild,integrifolia
ZFTS39,Tide Swamp,Wild,integrifolia
ZFTS40,Tide Swamp,Wild,integrifolia
ZFTSP101,Tomoka 1,Wild,umbrosa
ZFTSP102,Tomoka 1,Wild,umbrosa
ZFTSP103,Tomoka 1,Wild,umbrosa
ZFTSP104,Tomoka 1,Wild,umbrosa
ZFTSP105,Tomoka 1,Wild,umbrosa
ZFTSP106,Tomoka 1,Wild,umbrosa
ZFTSP107,Tomoka 1,Wild,umbrosa
ZFTSP108,Tomoka 1,Wild,umbrosa
ZFTSP109,Tomoka 1,Wild,umbrosa
ZFTSP110,Tomoka 1,Wild,umbrosa
ZFTSP111,Tomoka 1,Wild,umbrosa
ZFTSP112,Tomoka 1,Wild,umbrosa
ZFTSP113,Tomoka 1,Wild,umbrosa
ZFTSP114,Tomoka 1,Wild,umbrosa
ZFTSP115,Tomoka 1,Wild,umbrosa
ZFTSP116,Tomoka 1,Wild,umbrosa
ZFTSP117,Tomoka 1,Wild,umbrosa
ZFTSP118,Tomoka 1,Wild,umbrosa
ZFTSP119,Tomoka 1,Wild,umbrosa
ZFTSP120,Tomoka 1,Wild,umbrosa
ZFTSP121,Tomoka 1,Wild,umbrosa
ZFTSP122,Tomoka 1,Wild,umbrosa
ZFTSP123,Tomoka 1,Wild,umbrosa
ZFTSP124,Tomoka 1,Wild,umbrosa
ZFTSP125,Tomoka 1,Wild,umbrosa
ZFTSP126,Tomoka 1,Wild,umbrosa
ZFTSP127,Tomoka 1,Wild,umbrosa
ZFTSP128,Tomoka 1,Wild,umbrosa
ZFTSP129,Tomoka 1,Wild,umbrosa
ZFTSP130,Tomoka 1,Wild,umbrosa
ZFTSP131,Tomoka 1,Wild,umbrosa
ZFTSP132,Tomoka 1,Wild,umbrosa
ZFTSP133,Tomoka 1,Wild,umbrosa
ZFTSP134,Tomoka 1,Wild,umbrosa
ZFTSP135,Tomoka 1,Wild,umbrosa
ZFTSP136,Tomoka 1,Wild,umbrosa
ZFTSP137,Tomoka 1,Wild,umbrosa
ZFTSP138,Tomoka 1,Wild,umbrosa
ZFTSP139,Tomoka 1,Wild,umbrosa
ZFTSP140,Tomoka 1,Wild,umbrosa
ZFTSP141,Tomoka 1,Wild,umbrosa
ZFTSP142,Tomoka 1,Wild,umbrosa
ZFTSP143,Tomoka 1,Wild,umbrosa
ZFTSP144,Tomoka 1,Wild,umbrosa
ZFTSP145,Tomoka 1,Wild,umbrosa
ZFTSP201,Tomoka 2,Wild,umbrosa
ZFTSP202,Tomoka 2,Wild,umbrosa
ZFTSP203,Tomoka 2,Wild,umbrosa
ZFTSP204,Tomoka 2,Wild,umbrosa
ZFTSP205,Tomoka 2,Wild,umbrosa
ZFTSP206,Tomoka 2,Wild,umbrosa
ZFTSP207,Tomoka 2,Wild,umbrosa
ZFTSP208,Tomoka 2,Wild,umbrosa
ZFTSP209,Tomoka 2,Wild,umbrosa
ZFTSP210,Tomoka 2,Wild,umbrosa
ZFTSP211,Tomoka 2,Wild,umbrosa
ZFTSP212,Tomoka 2,Wild,umbrosa
ZFTSP213,Tomoka 2,Wild,umbrosa
ZFTSP214,Tomoka 2,Wild,umbrosa
ZFTSP215,Tomoka 2,Wild,umbrosa
ZFTSP216,Tomoka 2,Wild,umbrosa
ZFTSP217,Tomoka 2,Wild,umbrosa
ZFTSP218,Tomoka 2,Wild,umbrosa
ZFTSP219,Tomoka 2,Wild,umbrosa
ZFTSP220,Tomoka 2,Wild,umbrosa
ZFTSP221,Tomoka 2,Wild,umbrosa
ZFTSP222,Tomoka 2,Wild,umbrosa
ZFTSP223,Tomoka 2,Wild,umbrosa
ZFTSP224,Tomoka 2,Wild,umbrosa
ZFTSP225,Tomoka 2,Wild,umbrosa
ZFTSP226,Tomoka 2,Wild,umbrosa
ZFTSP227,Tomoka 2,Wild,umbrosa
ZFTSP228,Tomoka 2,Wild,umbrosa
ZFW01,Waccassassa,Wild,integrifolia
ZFW02,Waccassassa,Wild,integrifolia
ZFW03,Waccassassa,Wild,integrifolia
ZFW04,Waccassassa,Wild,integrifolia
ZFW05,Waccassassa,Wild,integrifolia
ZFW06,Waccassassa,Wild,integrifolia
ZFWB01,Werner-Boyce,Wild,integrifolia
ZFWB02,Werner-Boyce,Wild,integrifolia
ZFWB03,Werner-Boyce,Wild,integrifolia
ZFWB05,Werner-Boyce,Wild,integrifolia
ZFWB06,Werner-Boyce,Wild,integrifolia
ZFWB07,Werner-Boyce,Wild,integrifolia
ZFWB10,Werner-Boyce,Wild,integrifolia
ZFWB11,Werner-Boyce,Wild,integrifolia
ZFWB12,Werner-Boyce,Wild,integrifolia
ZFWB13,Werner-Boyce,Wild,integrifolia
ZFWB14,Werner-Boyce,Wild,integrifolia
ZFWB15,Werner-Boyce,Wild,integrifolia
ZFWB18,Werner-Boyce,Wild,integrifolia
ZFWB19,Werner-Boyce,Wild,integrifolia
ZFWB20,Werner-Boyce,Wild,integrifolia
ZFWB21,Werner-Boyce,Wild,integrifolia
ZFWB22,Werner-Boyce,Wild,integrifolia
ZFWB23,Werner-Boyce,Wild,integrifolia
ZFWB24,Werner-Boyce,Wild,integrifolia
ZFWB25,Werner-Boyce,Wild,integrifolia
ZFWB26,Werner-Boyce,Wild,integrifolia
ZFWB27,Werner-Boyce,Wild,integrifolia
ZFWB29,Werner-Boyce,Wild,integrifolia
ZFWB30,Werner-Boyce,Wild,integrifolia
ZFWB31,Werner-Boyce,Wild,integrifolia
ZFWB32,Werner-Boyce,Wild,integrifolia
ZFWB35,Werner-Boyce,Wild,integrifolia
ZFWB36,Werner-Boyce,Wild,integrifolia
ZFWB37,Werner-Boyce,Wild,integrifolia
ZFWB38,Werner-Boyce,Wild,integrifolia
ZFWB39,Werner-Boyce,Wild,integrifolia
ZFWB40,Werner-Boyce,Wild,integrifolia
ZFWB41,Werner-Boyce,Wild,integrifolia
ZFWB42,Werner-Boyce,Wild,integrifolia
ZFWB43,Werner-Boyce,Wild,integrifolia
ZFWB44,Werner-Boyce,Wild,integrifolia
ZFWB46,Werner-Boyce,Wild,integrifolia
ZFWB47,Werner-Boyce,Wild,integrifolia
ZFWB48,Werner-Boyce,Wild,integrifolia
ZFWB49,Werner-Boyce,Wild,integrifolia
ZCF01,Chapman Field,Wild,integrifolia
ZCF02,Chapman Field,Wild,integrifolia
ZCF03,Chapman Field,Wild,integrifolia
ZCF04,Chapman Field,Wild,integrifolia
ZCF05,Chapman Field,Wild,integrifolia
ZCF06,Chapman Field,Wild,integrifolia
ZCF07,Chapman Field,Wild,integrifolia
ZCF08,Chapman Field,Wild,integrifolia
ZCF09,Chapman Field,Wild,integrifolia
ZCF10,Chapman Field,Wild,integrifolia
ZCF11,Chapman Field,Wild,integrifolia
ZCF12,Chapman Field,Wild,integrifolia
ZCF13,Chapman Field,Wild,integrifolia
ZCF14,Chapman Field,Wild,integrifolia
ZCF15,Chapman Field,Wild,integrifolia
ZCF16,Chapman Field,Wild,integrifolia
ZCF17,Chapman Field,Wild,integrifolia
ZCF18,Chapman Field,Wild,integrifolia
ZCF19,Chapman Field,Wild,integrifolia
ZCF20,Chapman Field,Wild,integrifolia
ZCF21,Chapman Field,Wild,integrifolia
ZCF22,Chapman Field,Wild,integrifolia
ZCF23,Chapman Field,Wild,integrifolia
ZCF24,Chapman Field,Wild,integrifolia
ZCF25,Chapman Field,Wild,integrifolia
ZCF26,Chapman Field,Wild,integrifolia
ZCF27,Chapman Field,Wild,integrifolia
ZCF28,Chapman Field,Wild,integrifolia
ZCF29,Chapman Field,Wild,integrifolia
ZCF30,Chapman Field,Wild,integrifolia
ZCF31,Chapman Field,Wild,integrifolia
ZCF32,Chapman Field,Wild,integrifolia
ZCF33,Chapman Field,Wild,integrifolia
ZCF34,Chapman Field,Wild,integrifolia
ZCF35,Chapman Field,Wild,integrifolia
ZCF36,Chapman Field,Wild,integrifolia
ZCF37,Chapman Field,Wild,integrifolia
ZCF38,Chapman Field,Wild,integrifolia
ZCF39,Chapman Field,Wild,integrifolia
ZCF40,Chapman Field,Wild,integrifolia
ZCF41,Chapman Field,Wild,integrifolia
ZCF42,Chapman Field,Wild,integrifolia
